Mumbai - Central ;Kurla
Mumbai - Central;Kurla
Mumbai - Navi Mumbai;Kharpada
Mumbai - KDMC;Palava
Mumbai - Central;Ghartkopar East
Mumbai - Thane;Thane
Mumbai - SOBO;Malabar Hills
Mumbai - Navi Mumbai;Koparkhairne
Mumbai - VVMC;Dhekale
Mumbai - SOBO;Dharavi
Mumbai - West;MADH
Mumbai - SOBO;Lalbaug
Mumbai - KDMC;Diva
Mumbai - Central;Vidyavihar
Mumbai - KDMC;Neral
Mumbai - Thane;Kisan Nagar, Thane West
Mumbai - SOBO;Mumbai Central
Mumbai - SOBO;Fort
Mumbai - SOBO;Mahim
Mumbai - VVMC;Umroli
Mumbai - Navi Mumbai;Uran
Mumbai - KDMC;Vangani
Mumbai - Navi Mumbai;Savroli
Mumbai - Navi Mumbai;Rasayani
Mumbai - Navi Mumbai;Raigad
Mumbai - Navi Mumbai;Pen
Mumbai - VVMC;Palghar
Mumbai - SOBO;Mazgaon
Mumbai - SOBO;Masjid Bunder
Mumbai - Central;Mankhurd
Mumbai - Navi Mumbai;Mangaon
Mumbai - SOBO;Malabar Hill
Mumbai - SOBO;Mahalakshmi
Mumbai - Navi Mumbai;Khopoli
Mumbai - West;Khar East
Mumbai - Central;Karjat
Mumbai - West;Juhu
Mumbai - SOBO;Grant Road West
Mumbai - SOBO;Grant Road East
Mumbai - SOBO;Girgaon
Mumbai - SOBO;Dongari
Mumbai - SOBO;Cumballa Hills
Mumbai - SOBO;Cuffe Parade
Mumbai - SOBO;Colaba
Mumbai - SOBO;Churchgate
Mumbai - SOBO;Marine Lines
Mumbai - SOBO;Breach Candy
Mumbai - VVMC;Boisar
Mumbai - SOBO;Bhuleshwar
Mumbai - KDMC;Atgaon
Mumbai - KDMC;Asangaon
Mumbai - Navi Mumbai;Alibaug
Mumbai - SOBO;Mumbai Central
Mumbai - SOBO;Byculla
Mumbai - SOBO;Mahim West
Mumbai - West;Vile Parle West
Mumbai - SOBO;Fort-CST
Mumbai - SOBO;Tardeo
Mumbai - SOBO;Nariman Point
Mumbai - SOBO;Kalbadevi
Mumbai - SOBO;Charni Road
Mumbai - West;Imperial Residency,Vile Parle West
Mumbai - KDMC;Ambivali
Mumbai - KDMC;Titwala
Mumbai - Central;Tilak Nagar
Mumbai - SOBO;Prabhadevi
Mumbai - SOBO;Elphinstone
Mumbai - KDMC;Shahapur
Mumbai - West;Santacruz East
Mumbai - Navi Mumbai;Belapur
Mumbai - SOBO;Sion West
Mumbai - SOBO;Sion East
Mumbai - Central;Matunga West
Mumbai - SOBO;Dadar East
Mumbai - West;Oshiwara
Mumbai - Navi Mumbai;Nerul
Mumbai - Navi Mumbai;Seawoods
Mumbai - Navi Mumbai;Navi Mumbai
Mumbai - Central;Lonavala
Mumbai - Central;Chandivali
Mumbai - Navi Mumbai;Panvel
Mumbai - SOBO;Parel
Mumbai - West;Andheri West
Mumbai - Central;Matunga East
Mumbai - West;Jogeshwari East
Mumbai - KDMC;Badlapur
Mumbai - KDMC;Ambernath
Mumbai - KDMC;Ulhas Nagar
Mumbai - Thane;Bhiwandi
Mumbai - KDMC;Kalyan West
Mumbai - KDMC;Kalyan East
Mumbai - Central;Kurla West
Mumbai - Central;Kurla East
Mumbai - Navi Mumbai;Roadpali
Mumbai - Navi Mumbai;Kalamboli
Mumbai - VVMC;Bhayandar West
Mumbai - VVMC;Bhayandar East
Mumbai - West;Kalina
Mumbai - KDMC;Vashind - Thane
Mumbai - Navi Mumbai;Juinagar
Mumbai - Navi Mumbai;Sanpada
Mumbai - Navi Mumbai;Turbhe
Mumbai - VVMC;Naigaon East
Mumbai - Navi Mumbai;Kamothe
Mumbai - Navi Mumbai;Taloja
Mumbai - West;Santacruz West
Mumbai - VVMC;Naigaon West
Mumbai - West;Jogeshwari West
Mumbai - West;Goregaon East
Mumbai - VVMC;Vasai West
Mumbai - Thane;Mumbra
Mumbai - KDMC;Palava City
Mumbai - KDMC;Dombivli
Mumbai - West;Goregaon West
Mumbai - VVMC;Vasai East
Mumbai - Navi Mumbai;Kopar Khairane
Mumbai - Navi Mumbai;Ghansoli
Mumbai - Thane;Kalwa
Mumbai - Navi Mumbai;Vashi
Mumbai - West;Vile Parle East
Mumbai - West;Malad East
Mumbai - Central;Wadala East
Mumbai - Central;Wadala West
Mumbai - SOBO;Dadar West
Mumbai - Central;Vikroli West
Mumbai - West;Sakinaka
Mumbai - SOBO;Lower Parel
Mumbai - Thane;Thane West
Mumbai - West;Malad West
Mumbai - West;Borivali East
Mumbai - Navi Mumbai;Ulwe
Mumbai - VVMC;Nalasopara E
Mumbai - VVMC;Nalasopara East
Mumbai - West;Khar West
Mumbai - VVMC;Virar East
Mumbai - Navi Mumbai;Ulve
Mumbai - Navi Mumbai;Rabale
Mumbai - Navi Mumbai;Airoli
Mumbai - Central;Vikroli East
Mumbai - SOBO;Worli
Mumbai - VVMC;Bhayander West
Mumbai - SOBO;Sewri
Mumbai - VVMC;Dahisar Eastern
Mumbai - VVMC;Dahisar West
Mumbai - VVMC;Virar West
Mumbai - West;Dahisar East
Mumbai - West;Kandivali East
Mumbai - Navi Mumbai;Kharghar
Mumbai - Thane;Uthalsar
Mumbai - Thane;Thane East
Mumbai - Thane;Waghle Estate
Mumbai - Thane;Panch Pakhadi
Mumbai - Thane;Naupada
Mumbai - Thane;Rabodi
Mumbai - Thane;Majiwada
Mumbai - VVMC;Nalasopara west
Mumbai - Thane;Vartak Nagar
Mumbai - Thane;Lokmanya Nagar
Mumbai - VVMC;Bhayander
Mumbai - VVMC;Mira Road
Mumbai - West;Kandivali West
Mumbai - West;Borivali West
Mumbai - West;Bandra West
Mumbai - West;Bandra East
Mumbai - Thane;Kasarvadavli
Mumbai - Thane;Vasant Vihar
Mumbai - Thane;Hiranandani Meadows
Mumbai - West;Andheri East
Mumbai - Thane;Manpada
Mumbai - Thane;Kolshet Road
Mumbai - Thane;Brahmand
Mumbai - Central;Mulund West
Mumbai - Central;Mulund East
Mumbai - Central;Nahur
Mumbai - Central;Bhandup East
Mumbai - Central;Bhandup West
Mumbai - Thane;Hiranandani Estate
Mumbai - Thane;Bhayandarpada
Mumbai - Thane;Anand Nagar
Mumbai - Thane;Waghbil
Mumbai - Central;Govandi
Mumbai - Central;Deonar
Mumbai - Central;Chembur
Mumbai - Thane;Kasarvadavali
Mumbai - Central;Kanjurmarg East
Mumbai - Central;Kanjurmarg West
Mumbai - Central;Vikhroli West
Mumbai - Central;Vikhroli East
Mumbai - Central;Ghatkopar East
Mumbai - Central;Ghatkopar West
Mumbai - Central;Powai
Mumbai - Navi Mumbai;Dronagiri
Pune - North/Central;Akurdi
Pune - North/Central;Alandi
Pune - South;Ambegaon Budurak 
Pune - North/Central;Anand Nagar, Pune 
Pune - North/Central;Aundh
Pune - West;Balewadi
Pune - West;Baner
Pune - East;Baramati
Pune - West;Bavdhan
Pune - North/Central;Bhosari
Pune - West;Bhugaon
Pune - South;Bibwewadi
Pune - West;Bopodi
Pune - West;Bremen Chowk
Pune - East;BT Kawade Road
Pune - West;Budruk
Pune - East;Camp
Pune - West;Chakan
Pune - East;Chandan Nagar
Pune - East;Charholi
Pune - East;Charholi Budruk
Pune - North/Central;Chikhali
Pune - North/Central;Chinchwad
Pune - North/Central;Dapodi
Pune - North/Central;Dattawadi
Pune - East;Daund
Pune - West;Dehu Road
Pune - South;Dhankawadi
Pune - East;Dhanori
Pune - South;Dhayari
Pune - North/Central;Dighi
Pune - South;Erandwane
Pune - South;Fursungi
Pune - South;Gangadham
Pune - East;Ghorpadi
Pune - West;Girinagar
Pune - South;Gultekadi
Pune - South;Hadapsar
Pune - East;Hadpsar
Pune - South;Handewadi
Pune - West;Hingne Budrukh
Pune - West;Hingne Khurd
Pune - North/Central;Hinjawadi
Pune - West;Hinjewadi
Pune - East;Indapur
Pune - West;Jambhul
Pune - North/Central;Kalewadi
Pune - East;Kalyani Nagar
Pune - North/Central;Kanhe Talegaon
Pune - South;Karve Nagar
Pune - West;Kasarsai
Pune - North/Central;Kasarwadi
Pune - North/Central;Kaspate Wasti
Pune - South;Katraj
Pune - East;Kesnand
Pune - North/Central;Khadki
Pune - West;Khandala
Pune - East;Kharadi
Pune - South;Khed Shivapur
Pune - North/Central;Kiwale
Pune - South;Kondhwa
Pune - South;Kondwa
Pune - East;Koregaon Park
Pune - South;Kothrud
Pune - West;Lavale
Pune - West;Lavasa
Pune - East;Lohegaon
Pune - South;Loni Kalbhor
Pune - South;Magarpatta
Pune - West;Mahalunge
Pune - West;Mamurdi
Pune - East;Manjri
Pune - North/Central;Marunji
Pune - South;Mohammadwadi
Pune - North/Central;Moshi
Pune - West;Mulshi
Pune - East;Mundhwa
Pune - West;Nande
Pune - West;Nanded
Pune - South;Narhe
Pune - North/Central;Nehru Nagar - Pune
Pune - North/Central;New Sangavi
Pune - South;NIBM Road
Pune - North/Central;Nigdi
Pune - North/Central;Old Sangavi
Pune - South;Padmavati
Pune - South;Parvati Paytha
Pune - West;Pashan
Pune - East;Peth
Pune - North/Central;Pimple Gurav
Pune - North/Central;Pimple Nilakh
Pune - North/Central;Pimple Saudagar
Pune - North/Central;Pimpri
Pune - North/Central;Pimpri Chinchwad
Pune - West;Pirangut
Pune - South;Pisoli
Pune - North/Central;Prabhat Road Pune
Pune - North/Central;Punawale
Pune - North/Central;Rahatani
Pune - East;Rajangaon
Pune - North/Central;Ravet
Pune - East;Sadashiv Peth
Pune - West;Sahakar Nagar
Pune - East;Sainath Nagar
Pune - East;Sanaswadi
Pune - North/Central;Sangamvadi
Pune - East;Saswad
Pune - East;Shastri Nagar
Pune - East;Shetphal Haveli
Pune - South;Shirur
Pune - South;Shirwal
Pune - North/Central;Shivaji Nagar
Pune - North/Central;Shivane
Pune - North/Central;Somatane Phata
Pune - East;Sopan Baug
Pune - West;Sus
Pune - South;Swargate
Pune - North/Central;Talegaon
Pune - North/Central;Tathawade
Pune - North/Central;Thergaon
Pune - East;Tingre Nagar
Pune - East;TMV Colony
Pune - South;Undri
Pune - South;Uruli Devachi
Pune - South;Vadgaon Bk
Pune - East;Viman Nagar
Pune - North/Central;Vishal Nagar
Pune - East;Visharant Wadi
Pune - East;Vishrantwadi
Pune - East;Wadgaon
Pune - East;Wadgaon Sheri
Pune - East;Wagholi
Pune - North/Central;Wakad
Pune - South;Wanwadi
Pune - South;Warje
Pune - East;Yavat
Pune - East;Yerawada
Pune - East;Yewalewadi
Bengaluru - East;Kithiganur Village
Bengaluru - East;Valepura Road
Bengaluru - North;Sahakar Nagar
Bengaluru - West;Uppanagar
Bengaluru - North;Kaval Bairasandra
Bengaluru - East;Krishnarajapura
Bengaluru - South;J.P Nagar
Bengaluru - East;Dooravani Nagar
Bengaluru - North;Kothanur
Bengaluru - North;J.C Nagar
Bengaluru - CBD;Sudhama Nagar
Bengaluru - CBD;Yellappa
Bengaluru - West;Malleswaram
Bengaluru - West;Kempegowda
Bengaluru - West;Mahalakshmipuram
Bengaluru - West;Rajajinagar
Bengaluru - East;Malur
Bengaluru - East;Kacharakanahalli
Bengaluru - North;Bandaramanahalli
Bengaluru - East;Kasavanahalli
Bengaluru - West;Yeswanthpur
Bengaluru - South;Haralur
Bengaluru - West;Subramanayapura
Bengaluru - CBD;Pulikeshi Nagar
Bengaluru - East;Anagalapura
Bengaluru - CBD;Sivanchetti Gardens
Bengaluru - North;Southegowdanahalli
Bengaluru - East;Indiranagar
Bengaluru - East;Sarjapura
Bengaluru - East;Srinivaspura
Bengaluru - CBD;Jogupalya
Bengaluru - North;R.M.V. 2nd Stage
Bengaluru - CBD;Armane Nagar
Bengaluru - East;Maruti Sevanagar
Bengaluru - East;Doddanekkundi
Bengaluru - South;sakleshpur
Bengaluru - West;Nagasandra
Bengaluru - South;Banshankari
Bengaluru - North;Nagawara
Bengaluru - East;Harlur Road
Bengaluru - South;Basavangudi
Bengaluru - North;Bellari Road
Bengaluru - South;Jaya Nagar
Bengaluru - North;Hennur Road
Bengaluru - East;Marathalli
Bengaluru - East;Sarjapura Road
Bengaluru - CBD;Binnypet
Bengaluru - North;Kodihalli
Bengaluru - West;Mahalakshmi Layout
Bengaluru - East;Maruthi Sevanagar
Bengaluru - CBD;Ashok Nagar
Bengaluru - CBD;Sampangi Rama Nagar
Bengaluru - CBD;Wilson Garden
Bengaluru - CBD;Wheeler Road
Bengaluru - CBD;Vittal Mallya Road
Bengaluru - CBD;Vidhana Soudha
Bengaluru - CBD;Vasanth Nagar
Bengaluru - CBD;Ulsoor
Bengaluru - CBD;Sultanpete
Bengaluru - West;Srirampura
Bengaluru - CBD;Shanthi Nagar
Bengaluru - West;Seshadripuram
Bengaluru - CBD;Sankey Road
Bengaluru - CBD;Sadashiva Nagar
Bengaluru - CBD;Richmond Town
Bengaluru - CBD;Richmond Road
Bengaluru - CBD;Residency Road
Bengaluru - CBD;Raj Bhavan Road
Bengaluru - CBD;Race Course Road
Bengaluru - CBD;Palace Road
Bengaluru - South;Padarayana Pura
Bengaluru - CBD;Nagarathpete
Bengaluru - CBD;Museum Road
Bengaluru - East;Munireddypalya
Bengaluru - CBD;Mission Road
Bengaluru - CBD;Minerva Circle
Bengaluru - CBD;Millers Road
Bengaluru - CBD;MG Road
Bengaluru - CBD;Mavalli
Bengaluru - West;Malleshwaram
Bengaluru - CBD;Majestic
Bengaluru - CBD;Magrath Road
Bengaluru - CBD;Lavelle Road
Bengaluru - CBD;Lal bagh
Bengaluru - CBD;KG Road
Bengaluru - West;Jagajeevanram Nagar
Bengaluru - CBD;Infantry Road
Bengaluru - West;Guttahalli
Bengaluru - CBD;Gandhi Nagar
Bengaluru - CBD;Frazer Town
Bengaluru - CBD;Dickenson Road
Bengaluru - CBD;Cunningham Road
Bengaluru - CBD;Craig Park Layout
Bengaluru - CBD;Cox Town
Bengaluru - CBD;Cottonpete
Bengaluru - CBD;Commercial Street
Bengaluru - CBD;Church Street
Bengaluru - CBD;Chickpet
Bengaluru - CBD;Cambridge Layout
Bengaluru - CBD;Brigade Road
Bengaluru - CBD;Benson Town
Bengaluru - West;West Of Chord Road
Bengaluru - South;Vishweshwaraiah Layout
Bengaluru - West;Vijayanagar
Bengaluru - West;Uttarahalli Main Road
Bengaluru - West;Ullal
Bengaluru - West;Sunkadakatte
Bengaluru - West;Rajaji Nagar
Bengaluru - West;Raja Rajeshwari Nagar
Bengaluru - West;Peenya
Bengaluru - West;Nelamangala
Bengaluru - West;Nagarbhavi
Bengaluru - West;Mysore Road
Bengaluru - North;Mathikere
Bengaluru - West;Magadi Road
Bengaluru - West;Kengeri Satellite Town
Bengaluru - West;Kamaksipalya
Bengaluru - West;Hosahalli Gollarapalya
Bengaluru - West;Herohalli
Bengaluru - West;Chandra Layout
Bengaluru - West;Bidadi
Bengaluru - West;Basaweshwara Nagar
Bengaluru - South;Attiguppe
Bengaluru - East;Old Madras Road
Bengaluru - East;Yemalur
Bengaluru - East;Whitefield Road
Bengaluru - East;Whitefield
Bengaluru - East;Varthur Road
Bengaluru - East;Varthur
Bengaluru - East;Thubarahalli
Bengaluru - East;Thippasandra
Bengaluru - East;TC Palya Road
Bengaluru - East;TC Palya
Bengaluru - East;Soukya Road
Bengaluru - East;Siddapura
Bengaluru - East;Seegehalli
Bengaluru - East;Sarjapur Outer Ring Road
Bengaluru - East;Sarjapur Bagalur Road
Bengaluru - East;Sarjapur
Bengaluru - East;Ramamurthy Nagar
Bengaluru - East;Panathur
Bengaluru - East;OMBR Layout
Bengaluru - East;Old Airport Road
Bengaluru - East;Off Sarjapur road
Bengaluru - East;Nagondanahalli
Bengaluru - East;Murugeshpalya
Bengaluru - East;Munnekollal
Bengaluru - East;Medahalli
Bengaluru - East;Marathahalli
Bengaluru - South;Malur-Hosur Road
Bengaluru - East;Malleshpalya
Bengaluru - East;Mahadevpura
Bengaluru - East;LB Shastri Nagar
Bengaluru - East;Kolar Road
Bengaluru - East;Kodigehalli - KR Puram
Bengaluru - East;Kasturi Nagar
Bengaluru - East;Kammanahalli
Bengaluru - East;Kalyan Nagar
Bengaluru - East;Kalkere
Bengaluru - East;Kaggadasapura
Bengaluru - East;Kadugodi
Bengaluru - East;Kadubeesanahalli
Bengaluru - East;K R Puram
Bengaluru - East;Jeevanbheema Nagar
Bengaluru - East;ITPL Main Road
Bengaluru - East;ITPL
Bengaluru - East;Indira Nagar
Bengaluru - East;HRBR Layout
Bengaluru - East;Hoskote Malur Road
Bengaluru - East;Hoskote
Bengaluru - East;Hoodi
Bengaluru - East;Harlur
Bengaluru - East;Haralur Road
Bengaluru - East;HAL
Bengaluru - East;Gunjur Mugalur Road
Bengaluru - East;Gunjur
Bengaluru - East;Dommasandra
Bengaluru - East;Domlur
Bengaluru - East;Doddenakundi
Bengaluru - East;Dodda Banasvadi
Bengaluru - East;Defence Colony-Indiranagar
Bengaluru - East;CV Raman Nagar
Bengaluru - CBD;Cooke Town
Bengaluru - East;CMH Road
Bengaluru - East;Chintamani
Bengaluru - East;Chikka Tirupathi Road
Bengaluru - East;Chikka Tirupathi
Bengaluru - East;Chansandra
Bengaluru - East;Budigere
Bengaluru - East;Brookefield
Bengaluru - West;BEML Layout
Bengaluru - East;Bellandur
Bengaluru - East;Battarahalli
Bengaluru - East;Basavanagar
Bengaluru - East;Banaswadi
Bengaluru - East;Baiyyappanahalli
Bengaluru - CBD;AECS Layout
Bengaluru - North;Aavalahalli
Bengaluru - South;Vittal Nagar
Bengaluru - West;Uttarahalli
Bengaluru - South;Thalaghattapura
Bengaluru - South;Tejaswini Nagar
Bengaluru - South;Tavarekere-BTM
Bengaluru - South;Tavarekere Main Road
Bengaluru - South;Talaghattapura
Bengaluru - South;Srinagar
Bengaluru - South;Singasandra
Bengaluru - South;Silk Board
Bengaluru - East;Sarjapur Road
Bengaluru - East;Sarjapur Attibele Road
Bengaluru - South;Sarakki Main Road
Bengaluru - East;Rayasandra
Bengaluru - South;Padmanabha Nagar
Bengaluru - CBD;Neelasandra
Bengaluru - South;Naganathapura
Bengaluru - South;Mico Layout
Bengaluru - South;Madiwala
Bengaluru - West;Kumbalgodu
Bengaluru - South;Kumaraswamy Layout
Bengaluru - South;Kudlu Gate
Bengaluru - East;Kudlu
Bengaluru - CBD;Koramangala
Bengaluru - South;Konanakunte
Bengaluru - South;Kathriguppe
Bengaluru - South;Kanakapura Road
Bengaluru - South;Kanakapura
Bengaluru - CBD;Kalasipalayam
Bengaluru - South;Kaggalipura
Bengaluru - South;JP Nagar
Bengaluru - South;Jigini Anekal Road
Bengaluru - South;Jigani Road
Bengaluru - South;Jigani
Bengaluru - South;Jayanagar
Bengaluru - South;Jakkasandra
Bengaluru - South;Ittamadu
Bengaluru - South;Huskur
Bengaluru - South;Hunsur Road
Bengaluru - South;Hulimavu
Bengaluru - South;HSR Layout
Bengaluru - South;Hosur Road
Bengaluru - South;Hosakerehalli
Bengaluru - South;Hosa Road
Bengaluru - South;Hanumantha Nagar
Bengaluru - South;Gubalala
Bengaluru - South;Gottigere
Bengaluru - South;Electronic City Phase II
Bengaluru - South;Electronic City Phase I
Bengaluru - South;Electronic City
Bengaluru - CBD;Ejipura
Bengaluru - East;Doddakannalli
Bengaluru - East;Choodasandra
Bengaluru - East;Chandapura-Sarjapura Road
Bengaluru - South;Chandapura Anekal Road
Bengaluru - South;Chandapura
Bengaluru - CBD;Chamarajpet
Bengaluru - East;Carmelaram
Bengaluru - South;BTM Layout
Bengaluru - South;Bommasandra
Bengaluru - South;Bommanahalli
Bengaluru - South;Bilekahalli
Bengaluru - North;Bhuvaneshwari Nagar
Bengaluru - East;Begur Road
Bengaluru - East;Begur
Bengaluru - South;Basavanagudi
Bengaluru - South;Bannerghatta Road
Bengaluru - South;Bannerghatta Jigani Road
Bengaluru - South;Bannerghatta
Bengaluru - South;Banashankari
Bengaluru - South;Attibele - Anekal Road
Bengaluru - South;Attibele
Bengaluru - South;Arekere
Bengaluru - South;Anjanapura
Bengaluru - South;Anekal
Bengaluru - South;Adugodi
Bengaluru - West;Yeshwanthpur
Bengaluru - North;Yelahanka
Bengaluru - North;Vijaypura
Bengaluru - North;Vidyaranyapura
Bengaluru - North;Veerannapalya
Bengaluru - West;Tumkur Road
Bengaluru - North;Thanisandra Main Road
Bengaluru - North;Thanisandra
Bengaluru - CBD;Shampura
Bengaluru - CBD;Sanjeevini Nagar
Bengaluru - North;Sanjay Nagar
Bengaluru - North;Sadahalli
Bengaluru - North;RT Nagar
Bengaluru - North;RMV
Bengaluru - North;Rajanukunte
Bengaluru - North;Rachenahalli
Bengaluru - North;New BEL Road
Bengaluru - North;Nehru Nagar
Bengaluru - North;Narayanapura
Bengaluru - West;Narasapura
Bengaluru - North;Nandi Hills
Bengaluru - North;Nandi Durg Road
Bengaluru - North;Nagavara
Bengaluru - North;MS Palya
Bengaluru - North;Maruthi Nagar (Yelahanka)
Bengaluru - South;Maruthi Nagar
Bengaluru - North;Lingarajapuram
Bengaluru - North;Kothanoor
Bengaluru - North;Kogilu Main Road
Bengaluru - North;Kogilu
Bengaluru - North;Kodigehalli
Bengaluru - North;Kempapura
Bengaluru - North;Kaval Byrasandra
Bengaluru - North;Kanaka Nagar
Bengaluru - North;Judicial Layout
Bengaluru - North;JC Nagar
Bengaluru - North;Jayamahal
Bengaluru - West;Jalahalli
Bengaluru - West;Jal Vayu Vihar
Bengaluru - North;Jakkuru Layout
Bengaluru - North;Jakkur
Bengaluru - North;IVC Road
Bengaluru - North;International Airport Road
Bengaluru - East;Horamavu
Bengaluru - West;HMT Layout
Bengaluru - West;Hesaraghatta
Bengaluru - East;Hennur Main Road
Bengaluru - North;Hennur
Bengaluru - North;Hegde Nagar
Bengaluru - North;Hebbal
Bengaluru - East;HBR Layout
Bengaluru - North;Govindapura
Bengaluru - East;Gauribidanur
Bengaluru - West;Gangamma Circle
Bengaluru - North;Ganga Nagar
Bengaluru - North;Dollars Colony
Bengaluru - North;Doddajala
Bengaluru - North;Doddagubbi
Bengaluru - North;Doddaballapur Road
Bengaluru - North;Doddaballapur
Bengaluru - North;Devanahalli
Bengaluru - West;Dasarahalli
Bengaluru - West;Dabaspete
Bengaluru - North;Chikkajala
Bengaluru - East;Chikkagubbi Village
Bengaluru - North;Chikkaballapur
Bengaluru - North;Byatarayanapura
Bengaluru - North;Bhoopasandra
Bengaluru - North;Bellary Road
Bengaluru - East;Bagepalli
Bengaluru - North;Bagaluru
Bengaluru - West;Bagalakunte
Bengaluru - North;Arabic College
Bengaluru - North;Amrutha Halli
Bengaluru - North;Allalasandra