AUXILO FINSERVE,Disbursement
AXIS BANK - ASHA VERTICAL,Disbursement
ASHV FINANCE,Disbursement
BAJAJ FINANCE - PRIME,Disbursement
BAJAJ FINANCE - AFFORDABLE,Disbursement
Bank of Maharashtra,Sanction
Centrum Housing,Disbursement
CANARA BANK,Sanction
CAR DEKHO(USED CAR LOAN),Disbursement
CAPITAL INDIA HOME LOANS LTD,Disbursement
CAPITAL INDIA FINANCE LTD,Disbursement
CAPRI GLOBAL HOUSING FINANCE LTD,Disbursement
CAPRI GLOBAL CAPITAL LTD,Disbursement
AXIS FINANCE LTD,Disbursement
POONAWALA HOUSING,Disbursement
ICICI HOME FINANCE LTD,Disbursement
AAVAS FINANCIERS LTD,Disbursement
ADANI HOUSING FINANCE,Disbursement
ADHAAR HOUSING FINANCE,Disbursement
ADITYA BIRLA FINANCE LTD,Disbursement
ADITYA BIRLA HOUSING FINANCE LTD,Disbursement
Hero Finance  HL,Disbursement
Finnable,Disbursement
LIC Housing,Disbursement
Central Bank Of India,Sanction
AMBIT FINVEST PVT LTD,Disbursement
ANAND RATHI,Disbursement
AGRIM HOUSING FINANCE LTD,Disbursement
ARKA FINANCE(KIRLOSKAR),Disbursement
AU SMALL FINANCE BANK LTD,Disbursement
CHOLAMANDALAM HOUSING FINANCE LTD,Disbursement
CHOLAMANDALAM INVESTMENT & FINANCE CO.LTD,Disbursement
IDBI Bank,Disbursement
AVANSE FINANCIAL SERVICES,Disbursement
L&T,Disbursement
CNETRUM HOUSING FINANCE LTD,Disbursement
DBS BANK,Disbursement
DCB BANK LTD,Disbursement
DEUTSCHE BANK,Disbursement
Kotak Mahindra,Disbursement
Bank of Baroda,Sanction
Shreeram Finance,Disbursement
Bajaj Finance (SEP/Salaried),Disbursement
Bank Of India,Sanction
AADHAR FINANCE,Disbursement
Citi Bank,Disbursement
HDB,Disbursement
IndiaBulls Home loans,Disbursement
PNB HFL,Disbursement
Axis Bank,Disbursement
PNB,Disbursement
HDFC,Disbursement
SBI,Disbursement
ICICI,Disbursement
Axis ASHA,Disbursement
Federal Bank,Disbursement
IndusIND,Disbursement
Vaastu Housing Finance,Disbursement
Aditya Birla Capital,Disbursement
HDFC LAP,Disbursement
INCRED Finance,Disbursement
Yes Bank,Disbursement
DCB,Disbursement
IIFL,Disbursement
Aditya Birla Housoing Finance,Disbursement
Tata Capital,Disbursement
DOHA BANK,Disbursement
IDFC First,Disbursement
Bandhan Bank,Disbursement
Bajaj Finance ( SENP),Disbursement
EASY HOME FINANCE,Disbursement
UCO Bank,Sanction
Shubham Housing Development Finance Company Limited,Disbursement
EDELWEISS HOUSING FINANCE LTD,Disbursement
EQUITAS SMALL FINANCE BANK,Disbursement
FEDFINA FINANCIAL SERVICES,Disbursement
FINNABLE CREDIT PVT LTD,Disbursement
FT CASH,Disbursement
FULLERTON GRAHSHAKTI,Disbursement
FULLERTON INDIA CREDIT CO. LTD,Disbursement
GODREJ HOUSING FINANCE LTD,Sanction
HDB FINANCE LTD,Disbursement
HDFC LTD,Disbursement
HDFC CREDILA,Disbursement
HERO FINCORP LTD,Disbursement
HERO HOUSING FINANCE LTD,Disbursement
INDIA INFOLINE FINANCE LTD(IIFL),Disbursement
HINDUJA LEYLAND FINANCE LTD,Disbursement
HINDUJA HOUSING FINANCE LTD,Disbursement
ICICI BANK,Disbursement
IDFC BANK,Disbursement
INDIABULLS HOUSING FINANCE LTD,Disbursement
INDIAN BANK,Disbursement
INDUSIND BANK,Disbursement
INDITRADE FINCORP LTD,Disbursement
JANA SMALL FINANCE BANK LTD - AHL,Disbursement
JANA SMALL FINANCE BANK LTD - MSE,Disbursement
JM FINANCIAL HOME LOANS LTD,Disbursement
KARUR VYASYA BANK - BRANCH BANKING,Disbursement
KOTAK BANK,Disbursement
KOTAK MAHINDRA PRIME LTD,Disbursement
L&T HOUSING FINANCE,Disbursement
LENDINGKART,Disbursement
LOAN WIRED,Disbursement
MAHINDRA RURAL HOUSING FINANCE,Disbursement
MOTILAL OSWAL,Disbursement
MUTHOOT HOMEFIN(INDIA) LTD(RED),Disbursement
NAVI FINSERVE,Disbursement
ORIX LEASING PVT LTD,Disbursement
PNB HOUSING FINANCE LTD,Disbursement
PNB HOUSING FINANCE LTD - ROSHNI VERTICAL,Disbursement
PROFECTUS CAPITAL INDIA PVT LTD,Disbursement
PROTIUM(GROWTH SOURCE),Disbursement
POONAWALA FINCORP,Disbursement
PUNJAB AND SIND BANK,Disbursement
RATNAFINN CAPITAL PVT LTD,Disbursement
SHINHAN BANK,Disbursement
SHRIRAM HOUSING FINANCE LTD,Disbursement
SHRIRAM CITY UNION FINANCE,Disbursement
SHUBHAM HOUSING FINANCE LTD,Disbursement
SRG HOUSING FINANCE LTD,Disbursement
STANDARD CHARTERED BANK,Disbursement
STANDARD CHARTERED CAPITAL LTD,Disbursement
SVATANTRA MHFCL,Disbursement
STATE BANK OF INDIA,Sanction
SUNDARAM HOUSING FINANCE LTD,Disbursement
TATA ARC,Disbursement
TATA HOUSING FINANCE LTD,Disbursement
TATA CAPITAL FINANCE LTD,Disbursement
TEZZARACT,Disbursement
UTKARSH SMALL FINANCE BANK,Disbursement
UNITY BANK,Disbursement
UNION BANK OF INDIA,Disbursement
UJJIVAN SMALL FINANCE BANK LTD,Disbursement
UGRO CAPITAL - SAATHI,Disbursement
VASTU HOUSING FINANCE,Disbursement
VISTAAR FINANCE SERVICES PVT LTD,Disbursement
Navi finance,Sanction
Godrej Finance Ltd,Sanction
PIRAMAL CAPITAL AND HOUSING FINANCE LTD,Disbursement