Safal Realtors & Developers Private Limited,1051,27AABCS8998R1Z1,AABCS8998R,"10-A,Room No.1, 3Rd Floor, Chaman Chambers,, Cinema Lane, Marine Lines, Mumbai,, Maharashtra, 400020","10-A,Room No.1, 3Rd Floor, Chaman Chambers,, Cinema Lane, Marine Lines, Mumbai,, Maharashtra, 400020",998314,Maharashtra
Krishna Vision,1340,27AARFK7005J1ZZ,AARFK7005J,"H No 04, New Bazaar, Near Pmt Bus Stop, Khadki, Pune, Pune","H No 04, New Bazaar, Near Pmt Bus Stop, Khadki, Pune, Pune",998314,Maharashtra
Mali Infra,1025,27ABLFM7751L1ZK,ABLFM7751L,"Shop No8, Kasturi Kunj, Tukaram Chowk,, Dawdi, Dombivli, Thane,, Maharashtra, 421201","Shop No8, Kasturi Kunj, Tukaram Chowk,, Dawdi, Dombivli, Thane,, Maharashtra, 421201",998314,Maharashtra
Lokhandwala Kataria Constructions Private Limited,1029,27AAACL5105A1Z7,AAACL5105A,"72, GANDHI NAGAR,DAINIK SHIVNER, ROAD, WORLI, Mumbai, Maharashtra, 400018","72, GANDHI NAGAR,DAINIK SHIVNER, ROAD, WORLI, Mumbai, Maharashtra, 400018",998314,Maharashtra
Trustworthy Properties,835,Unregistered,BUCPK2336Q,"No 215/1, 1St Floor 1St Main Rd, Subhash Nagar, Tc Palya Signal Bhattaralli Bangalore 560049","No 215/1, 1St Floor 1St Main Rd, Subhash Nagar, Tc Palya Signal Bhattaralli Bangalore 560049",998314,Karnataka
Rashi Developers,1276,27AAUFR9625A1ZU,AAUFR9625A,"72 A, 7, Mittal Tower, Nariman Point,, Mumbai, Mumbai, Maharashtra, 400021","72 A, 7, Mittal Tower, Nariman Point,, Mumbai, Mumbai, Maharashtra, 400021",998314,Maharashtra
2Getherments Infra Private Limited,1300,29AACCL6220G1ZN,AACCL6220G,"Katha No.866, SY No 73/1, 73/2A, 73/3, New No 866,, Hoodi Main Road, Hoodi Village, K R Puram Hobli,, Bengaluru, Bengaluru (Bangalore) Rural,, Karnataka, 560001.","Katha No.866, SY No 73/1, 73/2A, 73/3, New No 866,, Hoodi Main Road, Hoodi Village, K R Puram Hobli,, Bengaluru, Bengaluru (Bangalore) Rural,, Karnataka, 560001.",998314,Karnataka
S V Housing Private Limited,1174,06AAKCS0536J1ZA,AAKCS0536J,"Plot No.-130, Ground Floor, Sector-44,, Institutional Area, Gurugram,, Haryana, 122002","Plot No.-130, Ground Floor, Sector-44,, Institutional Area, Gurugram,, Haryana, 122002",998314,Haryana
Aaiji Developers,1350,27AAOFA2448J1Z7,AAOFA2448J,"A-7, Kasturba Society, Sunand Appt, Alandi Road, Vishrantwadi, Pune, Maharashtra, 411015","A-7, Kasturba Society, Sunand Appt, Alandi Road, Vishrantwadi, Pune, Maharashtra, 411015",998314,Maharashtra
Amol Salunke,681,Unregistered,AQUPS7518P,"204,Siddhi Manora,Near Dr.Desai Hospital,
, Agashi Road,Virar West.","204,Siddhi Manora,Near Dr.Desai Hospital,
, Agashi Road,Virar West.",998314,Maharashtra
Acres Developer,1252,27ABTFA9047R1ZB,ABTFA9047R,"G-2, Ground Floor, Anuradha Bldg, Manek Nagar,, Chandavarkar Road, Mumbai,, Mumbai Suburban, Maharashtra,, 400092.","G-2, Ground Floor, Anuradha Bldg, Manek Nagar,, Chandavarkar Road, Mumbai,, Mumbai Suburban, Maharashtra,, 400092.",998314,Maharashtra
Adishesh Projects,989,Unregistered,AAYFA2171L,"No.697,First floor,, 12th cross,27th main, Sector 1,HSR Layout,, Bangalore-560102","No.697,First floor,, 12th cross,27th main, Sector 1,HSR Layout,, Bangalore-560102",998314,Karnataka
Just properties,1299,27ABVPV0846K1ZS,ABVPV0846K,"C-26,, Ground Floor, Bhumi Enclave, Mahavirnagar,, Kandivli-West, Mumbai Suburban,, Maharashtra, 400067","C-26,, Ground Floor, Bhumi Enclave, Mahavirnagar,, Kandivli-West, Mumbai Suburban,, Maharashtra, 400067",998314,Maharashtra
Allure Ventures LLP,712,Unregistered,ABGFA8043E,"Survey No 219, Bidarahalli Hobli, Kithaganoor Village,, Bangalore East Taluk, Bengaluru Urban, Karnataka, 560036","Survey No 219, Bidarahalli Hobli, Kithaganoor Village,, Bangalore East Taluk, Bengaluru Urban, Karnataka, 560036",998314,Karnataka
Sea Crests Buildcon LLP,1256,27ADAFS1434K1Z3,ADAFS1434K,"Flat P 005, Grd Floor, Silent Park,, M.B Road, Mira Bhayandar, Thane,, Maharashtra, 401105","Flat P 005, Grd Floor, Silent Park,, M.B Road, Mira Bhayandar, Thane,, Maharashtra, 401105",998314,Maharashtra
Ambience Projects & Infrastructure Pvt. Ltd.,1348,06AAICA8660R2ZW,AAICA8660R,"Jwala Mill Rd, Sec 22A,, Sec 22, Gurugram,, Haryana - 122015.","Jwala Mill Rd, Sec 22A,, Sec 22, Gurugram,, Haryana - 122015.",998314,Haryana
Kamdhenu Spaces LLP,1192,27AASFK7833P1ZA,AASFK7833P,"P 66 73 D II Block, Telco Road, Chinchwad, Pune 411019","P 66 73 D II Block, Telco Road, Chinchwad, Pune 411019",998314,Maharashtra
Space India Builders And Developers,743,Unregistered,ABRFS3118H,"15/D, Shop No 28/30, Payal Complex, Sector 17,, New Panvel, Raigad, Maharashtra, 410206","15/D, Shop No 28/30, Payal Complex, Sector 17,, New Panvel, Raigad, Maharashtra, 410206",998314,Maharashtra
Anant Chhaya Developers,1326,27ABLFA8522B1ZM,ABLFA8522B,"701A, Sanjar Enclave,, Opp. PVR Milap Cinema,, SV Road, Kandivali West,, Mumbai - 67.","701A, Sanjar Enclave,, Opp. PVR Milap Cinema,, SV Road, Kandivali West,, Mumbai - 67.",998314,Maharashtra
Patkar Realty,1061,27AAZFP7979C1ZA,AAZFP7979C,"Office No 01, 1St Floor, Prerna Apartment,, Khemani Road, Above Canara Bank, Ulhasnagar, Thane, Maharashtra, 421002","Office No 01, 1St Floor, Prerna Apartment,, Khemani Road, Above Canara Bank, Ulhasnagar, Thane, Maharashtra, 421002",998314,Maharashtra
Chaudhary Bhoop Singh Developers LLP,1408,06AALFC6000H2ZS,AALFC6000H,"H. No. 748, Sector- 39, Near Cyber Park, Gurgaon, Gurgaon, Gurugram, Haryana, 122001","H. No. 748, Sector- 39, Near Cyber Park, Gurgaon, Gurgaon, Gurugram, Haryana, 122001",998314,Haryana
Moongipa Realty Private Limited,1369,27AAICA9030H1ZO,AAICA9030H,"203/204, Raigad Darshan, J P Road,, Opp Indian Oil Colony, Andheri West, Mumbai, Maharashtra, 400053","203/204, Raigad Darshan, J P Road,, Opp Indian Oil Colony, Andheri West, Mumbai, Maharashtra, 400053",998314,Maharashtra
Badhekar Properties,1318,27AATFB0231F1ZP,AATFB0231F,"Office No. 303, 3Rd Floor, Mayur- 11, Near Karve Statute,, Kothrud, Pune,, Pune, Maharashtra, 411038","Office No. 303, 3Rd Floor, Mayur- 11, Near Karve Statute,, Kothrud, Pune,, Pune, Maharashtra, 411038",998314,Maharashtra
Sambhav Shelters,1314,27ABGFS8321M1ZP,ABGFS8321M,"V 55, Dr. E Moses Road, Worli,, Mumbai, Maharashtra, 400018","V 55, Dr. E Moses Road, Worli,, Mumbai, Maharashtra, 400018",998314,Maharashtra
Redbricks,1303,27APKPT9164K1ZZ,APKPT9164K,"C-5, 2Nd Floor, Sargam Apartment, Mahakali Chowk,, Navi Mumbai, Thane, Maharashtra,, 400614.","C-5, 2Nd Floor, Sargam Apartment, Mahakali Chowk,, Navi Mumbai, Thane, Maharashtra,, 400614.",998314,Maharashtra
Purva Properties,1085,27BBXPS3263A1ZC,BBXPS3263A,"Office No-16, 1St Floor, Omkar Arcade,, Plot No-24, Sector-15/A, Raigad,, Maharashtra, 410206","Office No-16, 1St Floor, Omkar Arcade,, Plot No-24, Sector-15/A, Raigad,, Maharashtra, 410206",998314,Maharashtra
Top Haven Developers Pvt Ltd,1176,06AAICT2574M1ZV,AAICT2574M,"C -1-2797A, Sushant Lok -1,, Gurgaon, Haryana,, 122002.","C -1-2797A, Sushant Lok -1,, Gurgaon, Haryana,, 122002.",998314,Haryana
Bora Realty LLP,1291,27AAPFB0932P1Z0,AAPFB0932P,"Survey No. 52/1A 53/2A, Plot No.1,, Katraj, Pune - 411046.","Survey No. 52/1A 53/2A, Plot No.1,, Katraj, Pune - 411046.",998314,Maharashtra
Brightera Builders,1191,27AALFB7837R1ZI,AALFB7837R,"Gat No 144(Part), Dhore wasti,, Wagholi-kesnand Road ,Kesnand Village,, Pune 412207.","Gat No 144(Part), Dhore wasti,, Wagholi-kesnand Road ,Kesnand Village,, Pune 412207.",998314,Maharashtra
Vibrant homes LLP,1313,27AAIFV8844P1Z4,AAIFV8844P,"V-55, Dr.E.Moses Road,Next To Furniturewala Showroom,, Worli,Mumbai, Mumbai, Maharashtra, 400018","V-55, Dr.E.Moses Road,Next To Furniturewala Showroom,, Worli,Mumbai, Mumbai, Maharashtra, 400018",998314,Maharashtra
Bangalore Regency Developers Pvt Ltd.,1079,29AAACB6811F1ZW,AAACB6811F,"13/2, El Shaddai, 2Nd Cross Beside Assisi Church,, Hennur Road, Bengaluru Urban,, Karnataka, 560084","13/2, El Shaddai, 2Nd Cross Beside Assisi Church,, Hennur Road, Bengaluru Urban,, Karnataka, 560084",998314,Karnataka
Cardinal Energy And Infrastructure Private Limited,1129,29AADCC7243H1ZK,AADCC7243H,"Plotno.3 And 3A, Survey No. 85 And 86,, Eoiz Industrial Area,, Sadaramangala Village,, Krishna Rajapuram Hobli,, Bengaluru Urban, Karnataka, 560066","Plotno.3 And 3A, Survey No. 85 And 86,, Eoiz Industrial Area,, Sadaramangala Village,, Krishna Rajapuram Hobli,, Bengaluru Urban, Karnataka, 560066",998314,Karnataka
Aarsh Construction,1036,27ABCFA6804F1ZQ,ABCFA6804F,"102, First Floor, Aishwarya Plaza,, Lbs Road,, Near R-Mall,, Mulund Checknaka, Mulund West, Mumbai Suburban, Maharashtra, 400080","102, First Floor, Aishwarya Plaza,, Lbs Road,, Near R-Mall,, Mulund Checknaka, Mulund West, Mumbai Suburban, Maharashtra, 400080",998314,Maharashtra
Sukhjeet Singh Parmar,932,Unregistered,ATZPP0717D,"E-403, Jay Vijay Nagar Galaxy Building, New Link Road Opp OBC Bank Vasai Nallasopara, Thane-401209","E-403, Jay Vijay Nagar Galaxy Building, New Link Road Opp OBC Bank Vasai Nallasopara, Thane-401209",998314,Maharashtra
Celebrity Prime Developer,728,Unregistered,AAHFC0731B,"#701, 30th Main Roan, BTM 2nd Stage,, Bangalore 560076","#701, 30th Main Roan, BTM 2nd Stage,, Bangalore 560076",998314,Karnataka
Vadilal Creation,1351,27AAGFV4158C1Z6,AAGFV4158C,"A12, 1St, Harihar Complex, Gajanan Petrol Pump,, Thane, Thane, Maharashtra, 421302.","A12, 1St, Harihar Complex, Gajanan Petrol Pump,, Thane, Thane, Maharashtra, 421302.",998314,Maharashtra
Allegro Mahabaleshwara Ventures Llp,1188,29ABRFA0232G1ZJ,ABRFA0232G,"A Wing 606 6Th Floor, 1, Carlton Towers, Kodihalli,, Old Airport Road, Bengaluru (Bangalore) Urban,, Karnataka, 560008.","A Wing 606 6Th Floor, 1, Carlton Towers, Kodihalli,, Old Airport Road, Bengaluru (Bangalore) Urban,, Karnataka, 560008.",998314,Karnataka
Rusela realty,638,Unregistered,BKSPC9123M,"Gurudev Complex , Opp SS Hospital ,, Bhiwandi Road, Kalher , Thane West","Gurudev Complex , Opp SS Hospital ,, Bhiwandi Road, Kalher , Thane West",998314,Maharashtra
Justo Realfintech Private Limited,1423,27AAECJ5136D1ZS,AAECJ5136D,"Part Of 603, 604, 605, Sixth Floor,, 1Aerocity, Safed Pul, Andheri East,, Mumbai, Maharashtra, 400072.","Part Of 603, 604, 605, Sixth Floor,, 1Aerocity, Safed Pul, Andheri East,, Mumbai, Maharashtra, 400072.",998314,Maharashtra
Prompt Engineering Private Limited,1232,06AAECP0734F1ZS,AAECP0734F,"LGF-F-22, Sushant Shopping Arcade,, Sushant Lok Phase -1, Gurgaon,, Gurugram, Haryana, 122002","LGF-F-22, Sushant Shopping Arcade,, Sushant Lok Phase -1, Gurgaon,, Gurugram, Haryana, 122002",998314,Haryana
Synergyshine Infra Llp,1264,06AEHFS1025E1ZG,AEHFS1025E,"Unit No. 12-005, Twelth Floor, Emaar The Palm Spring Plaza, Golf Course Road, Sector-54, Gurgaon, Gurugram, Haryana, 122002","Unit No. 12-005, Twelth Floor, Emaar The Palm Spring Plaza, Golf Course Road, Sector-54, Gurgaon, Gurugram, Haryana, 122002",998314,Haryana
MACROTECH DEVELOPERS LIMITED,1357,27AAACL1490J1ZG,AAACL1490J,"Lodha Excellus, Apollo Mills Compound, N. M. Joshi Marg, Lower Parel, Mumbai, Maharashtra, 400011","Lodha Excellus, Apollo Mills Compound, N. M. Joshi Marg, Lower Parel, Mumbai, Maharashtra, 400011",998314,Maharashtra
Desai Developers,1065,29AAKFD5517D1ZH,AAKFD5517D,"No. 90, Green Garden Layout,, Munnekolala Road,, Kundalahalli, Marathahalli, Bengaluru Urban, Karnataka, 560037","No. 90, Green Garden Layout,, Munnekolala Road,, Kundalahalli, Marathahalli, Bengaluru Urban, Karnataka, 560037",998314,Karnataka
Di Dau O Muntajae,1181,08AAQFD0290H1ZB,AAQFD0290H,"625, Jaipur Electronic Market,, Mansarovar Link Road,Gopalpura Bye Pass,, Jaipur, Rajasthan, 302018.","625, Jaipur Electronic Market,, Mansarovar Link Road,Gopalpura Bye Pass,, Jaipur, Rajasthan, 302018.",998314,Rajasthan
Divyaraj Properties LLP,1148,27AAJFD4708P1ZY,AAJFD4708P,"Roopmangal, G-52, Corner of Main Avenue & 16th Road,, Santacruz (West), Mumbai - 400054.","Roopmangal, G-52, Corner of Main Avenue & 16th Road,, Santacruz (West), Mumbai - 400054.",998314,Maharashtra
Vastu Apeksha,1112,Unregistered,AFSPB1279F,"Dreams Park, Plot no. 169/41,, Shop no. 1, Dilkap College Road, Neral 410101","Dreams Park, Plot no. 169/41,, Shop no. 1, Dilkap College Road, Neral 410101",998314,Maharashtra
Global Estate,527,Unregistered,ANDPG5443R,"Dream Rakshak, Flat No. 102,, Gadewasti, Nr BJS College, Wagholi, Pune.","Dream Rakshak, Flat No. 102,, Gadewasti, Nr BJS College, Wagholi, Pune.",998314,Maharashtra
Dsr Infra Projects,1374,29AAPFD6671B1Z7,AAPFD6671B,"Bbmp Katha No.639/645/1, Block C, 4Th Floor, Dsr Technocub, Thubarahalli Village, Varthu Hobli, Bengaluru Urban, Karnataka, 560066","Bbmp Katha No.639/645/1, Block C, 4Th Floor, Dsr Technocub, Thubarahalli Village, Varthu Hobli, Bengaluru Urban, Karnataka, 560066",998314,Karnataka
Dynamic Realty Enterprises,1072,27AALFD8596P1ZA,AALFD8596P,"Unit No. 10, Srishti Plaza Comp. Premises Chs., Lt, Saki Vihar Road, Powai,, Mumbai Suburban, Maharashtra, 400072","Unit No. 10, Srishti Plaza Comp. Premises Chs., Lt, Saki Vihar Road, Powai,, Mumbai Suburban, Maharashtra, 400072",998314,Maharashtra
Al Bari's Construction,1215,27ABLFA7928D1ZA,ABLFA7928D,"DZ City Sales Gallery, Bldg No. 123,, Mittal Ground, Opp, Amrut Nagar Mumbra,, Dist Thane 400 612 Maharashtra.","DZ City Sales Gallery, Bldg No. 123,, Mittal Ground, Opp, Amrut Nagar Mumbra,, Dist Thane 400 612 Maharashtra.",998314,Maharashtra
HV Ventures Projects Private Limited,1297,29AADCH5701K1ZH,AADCH5701K,"Unit No - 7, 8 & 9, Ground Floor, Raheja Chambers,, No. 12, Museum Road, Bangalore - 560 001.","Unit No - 7, 8 & 9, Ground Floor, Raheja Chambers,, No. 12, Museum Road, Bangalore - 560 001.",998314,Karnataka
Eldeco Sohna Projects Ltd.,953,06AAFCA9260N1ZA,AAFCA9260N,"Eldeco Accolade, Sohna Road,, Sector-2, Gurgaon,, Haryana – 122001.","Eldeco Accolade, Sohna Road,, Sector-2, Gurgaon,, Haryana – 122001.",998314,Haryana
Heritage Max Realtech Private Limited,926,06AADCH7172E1ZP,AADCH7172E,"10TH FLOOR, GLOBAL BUSINESS PARK,, M G ROAD, TOWER D, Gurugram,, Haryana, 122002.","10TH FLOOR, GLOBAL BUSINESS PARK,, M G ROAD, TOWER D, Gurugram,, Haryana, 122002.",998314,Haryana
JV Holding Pvt Ltd,1109,29AABCJ9763F1Z6,AABCJ9763F,"150, 1st Floor,, Embassy Point,, lnfantry, Road,, Bangalore, Bengaluru Urban,, Karnataka, 560001","150, 1st Floor,, Embassy Point,, lnfantry, Road,, Bangalore, Bengaluru Urban,, Karnataka, 560001",998314,Karnataka
Tatva Spacetek LLP,1084,27AASFT1305P1ZM,AASFT1305P,"Office No. 503, Sr No. 270/1/23, Fifth Floor,, Deron Heights, Opp Mahabaleshwar Hotel,, Main Baner Road, Pune, Pune, Maharashtra, 411045","Office No. 503, Sr No. 270/1/23, Fifth Floor,, Deron Heights, Opp Mahabaleshwar Hotel,, Main Baner Road, Pune, Pune, Maharashtra, 411045",998314,Maharashtra
Yogesh Enterprises,1126,27ABEPB4335N1ZN,ABEPB4335N,"12, Gandharv Nagari, Shopping Complex,, Pune Nashik Highway, Moshi, Pune,, Maharashtra, 412105.","12, Gandharv Nagari, Shopping Complex,, Pune Nashik Highway, Moshi, Pune,, Maharashtra, 412105.",998314,Maharashtra
Fortune Projects,966,Unregistered,AABFF1113A,"The Fortune Group #67 Queens Road,, Bangalore - 560 051","The Fortune Group #67 Queens Road,, Bangalore - 560 051",998314,Karnataka
Axon Development Llp,1173,06ABVFA6536B1ZE,ABVFA6536B,"OFFICE 201A, GLOBAL FOYER, SECTOR 43,, GOLF COURSE ROAD, GURGAON,, Gurugram, Haryana, 122002.","OFFICE 201A, GLOBAL FOYER, SECTOR 43,, GOLF COURSE ROAD, GURGAON,, Gurugram, Haryana, 122002.",998314,Haryana
Aristocrat Housing Agency,1327,Unregistered,AAJPS8521P,"Unit No. 2, Ratandeep, Next To Shoppers Stop, S V Road, Andheri West, Mumbai 400058","Unit No. 2, Ratandeep, Next To Shoppers Stop, S V Road, Andheri West, Mumbai 400058",998314,Maharashtra
Gls Infraprojects Private Limited,1249,06AAFCG4795C1ZL,AAFCG4795C,"707, 7Th Floor, Jmd Pacific Square, Sector-15, Part-2, Gurgaon, Gurugram, Haryana, 122001","707, 7Th Floor, Jmd Pacific Square, Sector-15, Part-2, Gurgaon, Gurugram, Haryana, 122001",998314,Haryana
Saptagiri Maharshi Builders,1166,29ABCFS0498M1ZJ,ABCFS0498M,"B 1, Saptagiri Maharshi Nilayam Apts., 18, 7Th Cross,, I Main ,Ii Stage, Micheal Palya, Indiranagar, Banagalore, Bengaluru Urban, Karnataka, 560038","B 1, Saptagiri Maharshi Nilayam Apts., 18, 7Th Cross,, I Main ,Ii Stage, Micheal Palya, Indiranagar, Banagalore, Bengaluru Urban, Karnataka, 560038",998314,Karnataka
Jem realtors,1281,27AANFJ1233F1ZJ,AANFJ1233F,"Shop No-06, Ground Floor, Jamali Hall Bohra Colony,, Achole Road, Nallasopara East, Palghar, Maharashtra, 401209","Shop No-06, Ground Floor, Jamali Hall Bohra Colony,, Achole Road, Nallasopara East, Palghar, Maharashtra, 401209",998314,Maharashtra
Housso,821,Unregistered,AALFH0649B,"Prime Honeydew Apartment Flat No 303,, Next to Chaya Hospital Kasturi Nagar, Bengaluru. Karnataka 560043","Prime Honeydew Apartment Flat No 303,, Next to Chaya Hospital Kasturi Nagar, Bengaluru. Karnataka 560043",998314,Karnataka
Haware Builders Private Limited,92,Unregistered,AAFCH8306L,"1503 Haware Infotech Park, Plot No.39/3, Sector 30/, Vashi, Navi Mumbai Thane- 400703","1503 Haware Infotech Park, Plot No.39/3, Sector 30/, Vashi, Navi Mumbai Thane- 400703",998314,Maharashtra
Rajshekar Developer Private Limited,1301,29AAKCR4944B1Z8,AAKCR4944B,"8, 2Nd Floor, Sri Sai Arced, 12Th Cross, Ideal Home Township, Rajarajeshwari Nagar, Bengaluru Urban, Karnataka, 560098","8, 2Nd Floor, Sri Sai Arced, 12Th Cross, Ideal Home Township, Rajarajeshwari Nagar, Bengaluru Urban, Karnataka, 560098",998314,Karnataka
Lakepoint Builders Pvt Ltd,1138,29AABCL1370J1ZG,AABCL1370J,"757/B, 100 Feet Road, Hal 2Nd Stage,, Indiranagar, Bengaluru Urban,, Karnataka, 560038","757/B, 100 Feet Road, Hal 2Nd Stage,, Indiranagar, Bengaluru Urban,, Karnataka, 560038",998314,Karnataka
Hoysala Projects Private Limited,1210,29AABCH6030K1ZJ,AABCH6030K,"No 104, Ground floor, Infantry Techno Park,, opp to gem plaza, Infantry road,, Bangalore-560001.","No 104, Ground floor, Infantry Techno Park,, opp to gem plaza, Infantry road,, Bangalore-560001.",998314,Karnataka
Ika Residences Banashankari Llp,1223,29AAIFI8604C1ZE,AAIFI8604C,"1937, 30th Cross Road,, Banashankari Stage 2,, Bengaluru, Bengaluru Urban,, Karnataka, 560070","1937, 30th Cross Road,, Banashankari Stage 2,, Bengaluru, Bengaluru Urban,, Karnataka, 560070",998314,Karnataka
S.K. Heights Pvt Ltd,1321,27AAOCS5110J1Z6,AAOCS5110J,"001, Basement, vithal kunj building no.1,, V P Road, andheri, Mumbai, Maharashtra,, 400058.","001, Basement, vithal kunj building no.1,, V P Road, andheri, Mumbai, Maharashtra,, 400058.",998314,Maharashtra
TS Realtech Private Limited,1171,06AADCK3222C1Z7,AADCK3222C,"IRIS Broadway, Sector-85-86,, Village Badha, Gurgaon,, Haryana - 122002.","IRIS Broadway, Sector-85-86,, Village Badha, Gurgaon,, Haryana - 122002.",998314,Haryana
Q Hestia Technologies Private Limited,1349,29AAACQ7716Q1ZO,AAACQ7716Q,"22, 5th floor, Hara Chambers, KH Road,, Bangalore, Bengaluru Urban,, Karnataka, 560027.","22, 5th floor, Hara Chambers, KH Road,, Bangalore, Bengaluru Urban,, Karnataka, 560027.",998314,Karnataka
Risali Developers,1234,27AAPFR2062N1ZN,AAPFR2062N,"Survey No 138/1,138/2,139/12,139/13,, Gaikwadpada Road, Ambernath E Kalyan, Thane, Maharashtra, 421501","Survey No 138/1,138/2,139/12,139/13,, Gaikwadpada Road, Ambernath E Kalyan, Thane, Maharashtra, 421501",998314,Maharashtra
Maharashtra Developers,1127,27AAOFM2679P1ZA,AAOFM2679P,"1104, 11Th Floor, Dev Corpora,, Nr. Cadbury Junction Khopat, Thane West,, Thane, Maharashtra, 400601.","1104, 11Th Floor, Dev Corpora,, Nr. Cadbury Junction Khopat, Thane West,, Thane, Maharashtra, 400601.",998314,Maharashtra
Rai Residency Pvt Ltd,1095,27AABCR7454F1ZA,AABCR7454F,"Shop No. 1, Ground Floor, Sai Ganesh Sankul,, Vijay Nagar, Kalyan East, Thane,, Maharashtra, 421306","Shop No. 1, Ground Floor, Sai Ganesh Sankul,, Vijay Nagar, Kalyan East, Thane,, Maharashtra, 421306",998314,Maharashtra
Alder Residency Private Limited,1220,27AAHCA1405F1Z6,AAHCA1405F,"101, Kalpataru Synergy, Opp. Grand Hyatt Hotel,, Santacruz East, Mumbai, Mumbai Suburban,, Maharashtra, 400055","101, Kalpataru Synergy, Opp. Grand Hyatt Hotel,, Santacruz East, Mumbai, Mumbai Suburban,, Maharashtra, 400055",998314,Maharashtra
K. R. Shoppers Pvt Ltd,1370,27AACCK0868P1ZZ,AACCK0868P,"B-5, Shree Nagar Society, Shriniwas, M. G. Road, Goregoan West, Mumbai Suburban, Maharashtra, 400062","B-5, Shree Nagar Society, Shriniwas, M. G. Road, Goregoan West, Mumbai Suburban, Maharashtra, 400062",998314,Maharashtra
Gopalkrishna Developers,1339,27AAGFG3307G1ZO,AAGFG3307G,"Radha Krishna Park, Nr. Chetna High School, Shree Malang Road, Kalyan East, Thane, Maharashtra, 421306","Radha Krishna Park, Nr. Chetna High School, Shree Malang Road, Kalyan East, Thane, Maharashtra, 421306",998314,Maharashtra
Optimize Ventures and Networks Private Limited,469,Unregistered,AADCO6082E,"2001, Flat no.20 Estella C wing Vijay Nagar Road Near JP infra
Mira Road East","2001, Flat no.20 Estella C wing Vijay Nagar Road Near JP infra
Mira Road East",998314,Maharashtra
Sunshine Enterprises,893,Unregistered,BBBPG5640K,"Shop No.36, Bhoomi Heights,  Plot No.5/6,, Sector 08, Kharghar, Navi Mumbai 410210","Shop No.36, Bhoomi Heights,  Plot No.5/6,, Sector 08, Kharghar, Navi Mumbai 410210",998314,Maharashtra
La Mer Developers Private Limited,1360,27AAECL6030A1Z1,AAECL6030A,"Shop No 21 Plot No 1, Full Stop,, Sector 19, Navi Mumbai, Thane,, Maharashtra, 400705.","Shop No 21 Plot No 1, Full Stop,, Sector 19, Navi Mumbai, Thane,, Maharashtra, 400705.",998314,Maharashtra
Paryapt Infrastructure Private Limited,1227,06AALCP4951F1ZA,AALCP4951F,"North Block, 6Th Floor, M3M Tee Point, Sector-65, Gurugram Haryana, 122101","North Block, 6Th Floor, M3M Tee Point, Sector-65, Gurugram Haryana, 122101",998314,Haryana
Union Buildmart Private Limited,1226,06AABCU4843M1Z1,AABCU4843M,"North Block, 6Th Floor, M3M Tee Point, Sector-65, Gurugram Haryana, 122101","North Block, 6Th Floor, M3M Tee Point, Sector-65, Gurugram Haryana, 122101",998314,Haryana
K & M Sheltors Pvt Ltd,1253,27AABCK6990K1ZZ,AABCK6990K,"Darus Salaam A Bungalow,, 18-A Kane Road, Bandra (W),, Mumbai - 400050.","Darus Salaam A Bungalow,, 18-A Kane Road, Bandra (W),, Mumbai - 400050.",998314,Maharashtra
Universal Developers,1037,29AABFU5594J1ZJ,AABFU5594J,"G-1-H.A. ARCADE, 872, 17TH E MAIN, 6TH, BLOCK, KORAMANGALA, BENGALURU,, Bengaluru Urban, Karnataka, 560095","G-1-H.A. ARCADE, 872, 17TH E MAIN, 6TH, BLOCK, KORAMANGALA, BENGALURU,, Bengaluru Urban, Karnataka, 560095",998314,Karnataka
Jairaj Realty Unit 9 Llp,1377,27AAOFS6123L1ZP,AAOFS6123L,"Level No 8, Opp Regency Classic, Solitaire World, Pune Banglore Highway, Pune, Pune, Maharashtra, 411045","Level No 8, Opp Regency Classic, Solitaire World, Pune Banglore Highway, Pune, Pune, Maharashtra, 411045",998314,Maharashtra
Millennium Realty,1153,Unregistered,ALPPJ0482M,"Millennium Group, Gehlot Complex, Plot No 28 A,, Shop No. 7, Sector-10, Nerul, Navi Mumbai,, Maharashtra, India - 400706.","Millennium Group, Gehlot Complex, Plot No 28 A,, Shop No. 7, Sector-10, Nerul, Navi Mumbai,, Maharashtra, India - 400706.",998314,Maharashtra
Marne Group (maithili Square),1399,27ABOFM7310C1ZD,ABOFM7310C,"Office no -109, First Floor, Maithili Empire,, Shivshambhu Colony , Near Kohili, gas godown, Adarsh Nagar, Kiwale,, pune - 412101.","Office no -109, First Floor, Maithili Empire,, Shivshambhu Colony , Near Kohili, gas godown, Adarsh Nagar, Kiwale,, pune - 412101.",998314,Maharashtra
Mentors Real Estate Advisory Private Limited,1296,27AAPCM5076Q1ZG,AAPCM5076Q,"Bldg No. 22, Flat No. 601, Avenue J, Naringi Road, Vasai Virar, Palghar, Maharashtra, 401303","Bldg No. 22, Flat No. 601, Avenue J, Naringi Road, Vasai Virar, Palghar, Maharashtra, 401303",998314,Maharashtra
Ma-nya Infra,1156,29AAVFM9490R1ZO,AAVFM9490R,"FLAT 169.168 Green House Layout,, doddathoguru, Bengaluru Rural, Karnataka,, 561229.","FLAT 169.168 Green House Layout,, doddathoguru, Bengaluru Rural, Karnataka,, 561229.",998314,Karnataka
Mapsko Builders Pvt. Ltd.,999,06AADCM5296L1Z0,AADCM5296L,"MAPSKO BUILDERS PRIVATE LIMITED,, MAPSKO GARDEN ESTATE, SECTOR 26-27,, SECTOR 26-27, Sonipat, Haryana, 131001.","MAPSKO BUILDERS PRIVATE LIMITED,, MAPSKO GARDEN ESTATE, SECTOR 26-27,, SECTOR 26-27, Sonipat, Haryana, 131001.",998314,Haryana
Audumbar Homes LLP,1163,27ABQFA4484M1ZP,ABQFA4484M,"Shop No- 1&2, Vinayak Arcade,, Mumbai- Pune Highway, Opp Bajaj Auto Akurdi,, Pune - 411035","Shop No- 1&2, Vinayak Arcade,, Mumbai- Pune Highway, Opp Bajaj Auto Akurdi,, Pune - 411035",998314,Maharashtra
Vihang infrastructure Private Limited,1160,27AACCV9897P1Z1,AACCV9897P,"12th floor, 1201 & 1202, Vihang Group of Companies,, Dev Corpora, Eastern Express Highway,, Cadbury Junction, Khopat, Thane,, Maharashtra- 400601.","12th floor, 1201 & 1202, Vihang Group of Companies,, Dev Corpora, Eastern Express Highway,, Cadbury Junction, Khopat, Thane,, Maharashtra- 400601.",998314,Maharashtra
Mohankheda Properties,1155,27ABKPR5394M2ZP,ABKPR5394M,"Survey No.38, Hissa No.30, Shahad Village,, Shahad Mohane Road,Near Hariya collega,, Shahad:- 421103.","Survey No.38, Hissa No.30, Shahad Village,, Shahad Mohane Road,Near Hariya collega,, Shahad:- 421103.",998314,Maharashtra
Arham Corporation,1345,27AFMPJ3264Q1ZR,AFMPJ3264Q,"Office No B, 2Nd Floor, Shrirang House,, Jangli Maharaj Road, Shivajinagar,, Pune, Maharashtra, 411005.","Office No B, 2Nd Floor, Shrirang House,, Jangli Maharaj Road, Shivajinagar,, Pune, Maharashtra, 411005.",998314,Maharashtra
Aakruthi Properties,802,Unregistered,ABQFA5639L,"RainTree Plaza, #227, 4th Floor, 10th Main, 100 Feet Rd,, HRBR Layout 1st Block, Kalyan Nagar Bengaluru-560043, Karnataka.","RainTree Plaza, #227, 4th Floor, 10th Main, 100 Feet Rd,, HRBR Layout 1st Block, Kalyan Nagar Bengaluru-560043, Karnataka.",998314,Karnataka
Nava Nakshatra Homes Private Limited,1217,29AACCN8003H1ZI,AACCN8003H,"1697/36, 1St Floor, Golden House,, Dr Rajkumar Road, Prakash Nagar,, Bengaluru Urban, Karnataka,, 560021.","1697/36, 1St Floor, Golden House,, Dr Rajkumar Road, Prakash Nagar,, Bengaluru Urban, Karnataka,, 560021.",998314,Karnataka
Shree Gajanand Developers,1329,27ADZFS7242J1Z6,ADZFS7242J,"Shop No. 16, Plot No. 20, Greenland Chs Ltd, Sector 40, Nerul, Navi Mumbai, Thane","Shop No. 16, Plot No. 20, Greenland Chs Ltd, Sector 40, Nerul, Navi Mumbai, Thane",998314,Maharashtra
Neelkanth Properties,1336,27AAIFN1820F1ZJ,AAIFN1820F,"Sector-40,, F-408,Tower-02, Plot No.R-1, Seawoods, Navi Mumbai, Thane, Maharashtra, 400706","Sector-40,, F-408,Tower-02, Plot No.R-1, Seawoods, Navi Mumbai, Thane, Maharashtra, 400706",998314,Maharashtra
Nice Builders,1204,27AAPFN2812E1ZC,AAPFN2812E,"S. No. 184, H.No.2A-2B, Global Village,, Mumbra Panvel Road, Shil, Thane,, Maharashtra, 400612","S. No. 184, H.No.2A-2B, Global Village,, Mumbra Panvel Road, Shil, Thane,, Maharashtra, 400612",998314,Maharashtra
Ramdas Daval Gadekar,1353,Unregistered,AEMPG7419M,A 802 Twin Towers Tirupati Nagar Virar W,A 802 Twin Towers Tirupati Nagar Virar W,998314,Maharashtra
Bhartiya Urban Private Limited,1052,29AAACZ3571A1ZF,AAACZ3571A,"No. 1/5, Palace Road, Bengaluru,, Bengaluru Urban, Karnataka, 560001","No. 1/5, Palace Road, Bengaluru,, Bengaluru Urban, Karnataka, 560001",998314,Karnataka
Nirlon Housing India Private Limited,1258,27AAICP0879K1ZV,AAICP0879K,"001, Nirlon Housing, Behind Madhav Building,, Opp. Kamla Park, Mahim Road,, Palghar West, Palghar,, Maharashtra, 401404.","001, Nirlon Housing, Behind Madhav Building,, Opp. Kamla Park, Mahim Road,, Palghar West, Palghar,, Maharashtra, 401404.",998314,Maharashtra
S y s Properties Llp,1172,06ADFFS0207H1ZG,ADFFS0207H,"585, Main Golf Course Road, Sector-43,, Main Golf Course Road, Sector-43,, Gurugram, Haryana, 122002.","585, Main Golf Course Road, Sector-43,, Main Golf Course Road, Sector-43,, Gurugram, Haryana, 122002.",998314,Haryana
Shree Hari Enterprises,1416,Unregistered,AQEPC9302K,Navi Mumbai,Navi Mumbai,998314,Maharashtra
Omkar Builders,769,Unregistered,AAEFO0733C,"113, Veena Industrial Estate, Nr Monginis Factory,, New Link Road, Andheri (W), Mumbai","113, Veena Industrial Estate, Nr Monginis Factory,, New Link Road, Andheri (W), Mumbai",998314,Maharashtra
Saniket Infracon LLP,1323,27AEGFS9773J1Z7,AEGFS9773J,"101 Saniket House , lane no 6,, Erandwane Pune 411041.","101 Saniket House , lane no 6,, Erandwane Pune 411041.",998314,Maharashtra
Goyal Hariyana Constructions,1200,29AACFO2916R1ZO,AACFO2916R,"206,, 84, 2Nd Floor, Barton Centre,, M. G. Road, Bangalore, Bengaluru Urban, Karnataka, 560001","206,, 84, 2Nd Floor, Barton Centre,, M. G. Road, Bangalore, Bengaluru Urban, Karnataka, 560001",998314,Karnataka
Sharp Developers,1325,27ADXFS8705Q1ZS,ADXFS8705Q,"Ground Floor Shreenath Bhavan,, 60  Ft Road Vasai West,, Palghar Maharastra,, 401202.","Ground Floor Shreenath Bhavan,, 60  Ft Road Vasai West,, Palghar Maharastra,, 401202.",998314,Maharashtra
Orris Infrastructure Private Limited,1259,06AAACO8494P1ZN,AAACO8494P,"Sector 83, Khirkhi Daula, Nh8 Gurgaon, Gurugram, Haryana, 122001","Sector 83, Khirkhi Daula, Nh8 Gurgaon, Gurugram, Haryana, 122001",998314,Haryana
G S Associates,1293,27APAPP4941E2ZY,APAPP4941E,"Survey No 153/1/2/3 138/1,139/1, 1St, Jaravari G,, Above Punjab National Bank, Pimple Saudagar,, Pune, Maharashtra, 411027.","Survey No 153/1/2/3 138/1,139/1, 1St, Jaravari G,, Above Punjab National Bank, Pimple Saudagar,, Pune, Maharashtra, 411027.",998314,Maharashtra
Suyog City Developers,1113,27ABCFS8950N1ZG,ABCFS8950N,"Plot No 4, Mitra Mangal Co-Op Hsg Society,, Opp Marathon Bhavan, Parvati, Pune,, Maharashtra, 411009","Plot No 4, Mitra Mangal Co-Op Hsg Society,, Opp Marathon Bhavan, Parvati, Pune,, Maharashtra, 411009",998314,Maharashtra
Fantasy Buildwell Pvt Ltd,1170,06AAACF8350K1ZJ,AAACF8350K,"Tower-B, 11th Floor, Paras Twin Towers,, Sector-54, Gurgaon East, Gurugram,, Haryana, 122002.","Tower-B, 11th Floor, Paras Twin Towers,, Sector-54, Gurgaon East, Gurugram,, Haryana, 122002.",998314,Haryana
Yhataw Real Estate Facilitators Private Limited,1175,06AARCS6929A1Z5,AARCS6929A,"D-111, In Pioneer Urban Square Ar Golf Course Extn Road,, Sector-62, Gurgaon, Gurugram, Haryana, 122413","D-111, In Pioneer Urban Square Ar Golf Course Extn Road,, Sector-62, Gurgaon, Gurugram, Haryana, 122413",998314,Haryana
Parinee Realtors Private Limited,1222,27AAFCP5837N2ZR,AAFCP5837N,"102/103 Smag House, 1St Floor, Plot No. 157-A,, Sarojini Road Extn., Opp. Darshana Apt.,, Vile Parle West, Mumbai - 400 056.","102/103 Smag House, 1St Floor, Plot No. 157-A,, Sarojini Road Extn., Opp. Darshana Apt.,, Vile Parle West, Mumbai - 400 056.",998314,Maharashtra
Relationship Properties Pvt Ltd,1060,29AADCR8947D1Z0,AADCR8947D,"#1/1, Binny mill Road,, Binnypet,Bengaluru Karnataka 560023.","#1/1, Binny mill Road,, Binnypet,Bengaluru Karnataka 560023.",998314,Karnataka
Hasmukh Karia - SV,418,Unregistered,ABEPS9992A,"Shop No . 3 , Sahar Road, Oppo. Vijay Nagar Society,, Andheri East Mumbai 400069","Shop No . 3 , Sahar Road, Oppo. Vijay Nagar Society,, Andheri East Mumbai 400069",998314,Maharashtra
Platinum builders and Developers,1091,27ABAFP7478G1ZV,ABAFP7478G,"36P, Cts No 5864, 3 Floor, Office No 4, Msr Capital, Opp City International School, Pune,, Pune, Maharashtra, 411018","36P, Cts No 5864, 3 Floor, Office No 4, Msr Capital, Opp City International School, Pune,, Pune, Maharashtra, 411018",998314,Maharashtra
A Peace Projects LLP,1225,29AAZFA6692B1ZV,AAZFA6692B,"No. 10/1, 1st Floor, 60ft Road,, Kempegowda Layout,, Prashanthnagar,, Bengaluru - 560079.","No. 10/1, 1st Floor, 60ft Road,, Kempegowda Layout,, Prashanthnagar,, Bengaluru - 560079.",998314,Karnataka
Satya Developers,1395,27ACJFS4807J1ZR,ACJFS4807J,"1104, 11, The Legend, Plot No - 37/38, Sector - 19, Kharghar, Raigad, Maharashtra, 410210","1104, 11, The Legend, Plot No - 37/38, Sector - 19, Kharghar, Raigad, Maharashtra, 410210",998314,Maharashtra
Glider Buildcon Realtors Priavte Limited,1164,27AAGCG0288B1ZU,AAGCG0288B,"8th Floor, Piramal Tower, Ganpatrao Kadam Marg,, Lower Parel, Mumbai, Maharashtra,, 400013.","8th Floor, Piramal Tower, Ganpatrao Kadam Marg,, Lower Parel, Mumbai, Maharashtra,, 400013.",998314,Maharashtra
Shirvawala Estate Developers LLP,1088,27ADDFS3688N1ZA,ADDFS3688N,"Shop No 2, Plot No 32, Sector 17,, Nerul, Navi Mumbai, Thane, Maharashtra, 400706","Shop No 2, Plot No 32, Sector 17,, Nerul, Navi Mumbai, Thane, Maharashtra, 400706",998314,Maharashtra
Dhariwal Developers (India) Private Limited,1393,27AADCD5779K1Z3,AADCD5779K,"216/1724, Motilal Nagar No.1, 6Th Road,, Goregaon West, Mumbai Suburban, Maharashtra, 400104","216/1724, Motilal Nagar No.1, 6Th Road,, Goregaon West, Mumbai Suburban, Maharashtra, 400104",998314,Maharashtra
Prime Infradevelopers Pvt. Ltd.,1328,06AAFCP2702C1Z1,AAFCP2702C,"Sector-99A, Dhankot, Gurgaon,, Gurugram, Haryana,, 122001.","Sector-99A, Dhankot, Gurgaon,, Gurugram, Haryana,, 122001.",998314,Haryana
Lavish Buildmart Private Limited,1230,06AABCL3285G1ZL,AABCL3285G,"North Block, 6Th Floor, M3M Tee Point, Sector-65, Gurugram,, Haryana, 122101","North Block, 6Th Floor, M3M Tee Point, Sector-65, Gurugram,, Haryana, 122101",998314,Haryana
Privilege Projects,1187,29AASFP0230D1ZD,AASFP0230D,"36/1, 36/3 & 40/2, Sonnanayakanahalli Village Manchapanahlly, Malur Road Bengaluru, Karnataka - 562122.","36/1, 36/3 & 40/2, Sonnanayakanahalli Village Manchapanahlly, Malur Road Bengaluru, Karnataka - 562122.",998314,Karnataka
Progressive Homes,1184,27AAHFP5228J1ZZ,AAHFP5228J,"707, 7TH, Devavrata Society, Plot No.83,, Sector-17, Vashi,Navi Mumbai,, Thane, Maharashtra, 400703.","707, 7TH, Devavrata Society, Plot No.83,, Sector-17, Vashi,Navi Mumbai,, Thane, Maharashtra, 400703.",998314,Maharashtra
Purple Constructions,1130,29AANFP3406C1ZC,AANFP3406C,"Ground Floor,007, Comfort Enclave,, 1st Cross Ganga Nagar Layout,, Bangalore, Bengaluru(Bangalore) Urban,, Karnataka, 560032.","Ground Floor,007, Comfort Enclave,, 1st Cross Ganga Nagar Layout,, Bangalore, Bengaluru(Bangalore) Urban,, Karnataka, 560032.",998314,Karnataka
Pyramid Infratech Co,1246,27AAMFP8951D1ZV,AAMFP8951D,"Plot No-X-21, Pyramid Elements, Ttc Industrial Area,, Digha Navi-Mumbai, Thane, Maharashtra, 400708","Plot No-X-21, Pyramid Elements, Ttc Industrial Area,, Digha Navi-Mumbai, Thane, Maharashtra, 400708",998314,Maharashtra
Raheja Developers Limited,1179,06AAACR0468E1ZP,AAACR0468E,"TOWER A, IMT, MANESAR, GURGOAN,, Gurugram, Haryana, 122050.","TOWER A, IMT, MANESAR, GURGOAN,, Gurugram, Haryana, 122050.",998314,Haryana
Westbury Hospitality Private Limited,1050,29AAACW5838P1ZH,AAACW5838P,"Chikkabelandur Village, Varthur Hobli,, Bangalore, Bengaluru Urban, Karnataka, 560087","Chikkabelandur Village, Varthur Hobli,, Bangalore, Bengaluru Urban, Karnataka, 560087",998314,Karnataka
Regal Developers,1261,27AAWFR0073Q1ZB,AAWFR0073Q,"Surve No 109 31 Office No 1, First Floor Vijay Nagar,, Sai Vihar Apartment, Near Lucky Bakery,, Kalewadi Pimpri, Pune, Maharashtra,, 411017.","Surve No 109 31 Office No 1, First Floor Vijay Nagar,, Sai Vihar Apartment, Near Lucky Bakery,, Kalewadi Pimpri, Pune, Maharashtra,, 411017.",998314,Maharashtra
Riddhi Siddhi Investment,683,Unregistered,AAMFR6749P,"Ground Floor, Moderna House, DGP House Complex,, 88-C old Prabhadevi Road, Prabhadevi Mumbai.","Ground Floor, Moderna House, DGP House Complex,, 88-C old Prabhadevi Road, Prabhadevi Mumbai.",998314,Maharashtra
Capital Solutions,1118,27AALFC0461C1ZU,AALFC0461C,"102, Sector 19, Mahavir Heritage,, Navi Mumbai, Airoli, Thane, Maharashtra, 400708","102, Sector 19, Mahavir Heritage,, Navi Mumbai, Airoli, Thane, Maharashtra, 400708",998314,Maharashtra
Ruchira Projects,1143,29AAUFR8827L1Z1,AAUFR8827L,"#56/2, Kariyamariamma Temple Road,, next to Post Office Road, Whitefield,, Bengaluru.","#56/2, Kariyamariamma Temple Road,, next to Post Office Road, Whitefield,, Bengaluru.",998314,Karnataka
Sai Buildcon - Pune,1238,27ADSFS6729H1ZC,ADSFS6729H,"S. No 51, Sai Buildcon,, Nr. Ranwade Narsary,, Punawale, Pune,, Maharashtra, 411033.","S. No 51, Sai Buildcon,, Nr. Ranwade Narsary,, Punawale, Pune,, Maharashtra, 411033.",998314,Maharashtra
Sairaj Developers,1157,27ABWFS2139P1Z7,ABWFS2139P,"A-104, 1St Floor, Krishna Regency,, Shahad, Kalyan, Thane, Maharashtra, 421301","A-104, 1St Floor, Krishna Regency,, Shahad, Kalyan, Thane, Maharashtra, 421301",998314,Maharashtra
Anand Associates,1103,27AAPFM0496D1Z3,AAPFM0496D,"B/103,, First Floor, Oxford Chambers,, Saki Vihar Road, Andheri-East,, Mumbai Suburban, Maharashtra,, 400072.","B/103,, First Floor, Oxford Chambers,, Saki Vihar Road, Andheri-East,, Mumbai Suburban, Maharashtra,, 400072.",998314,Maharashtra
A to Z property solutions,791,Unregistered,ABVFA9149E,"Office no 8, Jai Vijay nagar, opp seven eleven academy Naigaon east","Office no 8, Jai Vijay nagar, opp seven eleven academy Naigaon east",998314,Maharashtra
Fortune rpj developers,1363,27AADFF5410E1ZW,AADFF5410E,"First Floor, Opp Jain Mandir, Rathod Bhavan, Tembhi Naka, Near Civil Hospital, Thane, Maharashtra, 400601","First Floor, Opp Jain Mandir, Rathod Bhavan, Tembhi Naka, Near Civil Hospital, Thane, Maharashtra, 400601",998314,Maharashtra
Kailash Construction Company,1333,27AAWPB2830K1ZH,AAWPB2830K,"Kailash Building, Nr Devlok Society, Phule Road,, Bhoirwadi, Dombivali, Thane, Maharashtra, 421202","Kailash Building, Nr Devlok Society, Phule Road,, Bhoirwadi, Dombivali, Thane, Maharashtra, 421202",998314,Maharashtra
RRB Realtors Private Limited,1094,27AADCR3964L2ZV,AADCR3964L,"Unit No L 95, Ground Floor, Prime Mall,, Irla Society Road, Vileparle West, Mumbai,, Maharashtra, 400056","Unit No L 95, Ground Floor, Prime Mall,, Irla Society Road, Vileparle West, Mumbai,, Maharashtra, 400056",998314,Maharashtra
Samarth Sai Builders & Developers,1096,27ACBFS0635A1ZO,ACBFS0635A,"Survey no.33/11, Behind 50-50 Dhaba,, Opp.Essar Petrol Pump, Haji Malang Road,, Pisavali, Kalyan East:- 421306.","Survey no.33/11, Behind 50-50 Dhaba,, Opp.Essar Petrol Pump, Haji Malang Road,, Pisavali, Kalyan East:- 421306.",998314,Maharashtra
Sai Promoters,579,27ADYFS6458B1ZG,ADYFS6458B,"S.No. 38/1, Koyatewasti,
, Punawale, Pune, Maharashtra","S.No. 38/1, Koyatewasti,
, Punawale, Pune, Maharashtra",998314,Maharashtra
Shiv Infra,1159,27ADQFS7241A1ZZ,ADQFS7241A,"Shop No 60, Mahalaxmi Mall Plot No 08/8B,, Sector 35, Kamothe, Navi Mumbai, Raigad,, Maharashtra, 410209.","Shop No 60, Mahalaxmi Mall Plot No 08/8B,, Sector 35, Kamothe, Navi Mumbai, Raigad,, Maharashtra, 410209.",998314,Maharashtra
V3 Partners,1030,27AAHFV8616J1ZN,AAHFV8616J,"2001, Siddhivinayak Tower, C S Road,, Anand Nagar, Dahisar East, Mumbai Suburban,, Maharashtra, 400068","2001, Siddhivinayak Tower, C S Road,, Anand Nagar, Dahisar East, Mumbai Suburban,, Maharashtra, 400068",998314,Maharashtra
Padmagriha Heights,1074,27AAPFP3414N1ZR,AAPFP3414N,"Ground Floor, Manisha Heights Commercial,, Bina Silk Mill Compound, B.R. Road, Mulund, West, Thane, Maharashtra, 400080","Ground Floor, Manisha Heights Commercial,, Bina Silk Mill Compound, B.R. Road, Mulund, West, Thane, Maharashtra, 400080",998314,Maharashtra
Shravanthi Shelters,1310,29AAUFS0739A1Z0,AAUFS0739A,"No 290/41,10Th Main,38Th Cross,,, 5Th Block,, Jayanagar,, Bengaluru Urban, Karnataka, 560011","No 290/41,10Th Main,38Th Cross,,, 5Th Block,, Jayanagar,, Bengaluru Urban, Karnataka, 560011",998314,Karnataka
Raj Laxmi Developers,1111,27AATFR3908D1ZZ,AATFR3908D,"Shop - 21, Shreeji Center, Ghorpade Chowk, Katrap, Badlapur East, Thane, Maharashtra, 421503","Shop - 21, Shreeji Center, Ghorpade Chowk, Katrap, Badlapur East, Thane, Maharashtra, 421503",998314,Maharashtra
Viman Nagar Shubh Ventures LLP,1371,27AATFV4712D1ZZ,AATFV4712D,"M2/14 Sr No 10/14, Office No 1 Nisarg Housing Society,, Opposite Golf Course, Yerwada, Pune,, Maharashtra, 411006.","M2/14 Sr No 10/14, Office No 1 Nisarg Housing Society,, Opposite Golf Course, Yerwada, Pune,, Maharashtra, 411006.",998314,Maharashtra
Kiran creators & developers,1087,27AEJPN3743G1ZD,AEJPN3743G,"Block No 2/34/4, Ground Floor, Saikrupa,, Prabhat Road, Erandwane, Pune, Maharashtra, 411004","Block No 2/34/4, Ground Floor, Saikrupa,, Prabhat Road, Erandwane, Pune, Maharashtra, 411004",998314,Maharashtra
Signature global Homes Pvt Ltd,1211,06AABCJ9888R1ZF,AABCJ9888R,"Ground Floor, Tower A, Signature Tower,, South City-1, Gurugram,, Haryana, 122001.","Ground Floor, Tower A, Signature Tower,, South City-1, Gurugram,, Haryana, 122001.",998314,Haryana
Sanghvi Premises Private Limited,1273,27AAACL0598D3ZK,AAACL0598D,"403, 401A, 4, Rangoli Time Complex,, Dr. Ba Road, Parel, Mumbai,, Maharashtra, 400012.","403, 401A, 4, Rangoli Time Complex,, Dr. Ba Road, Parel, Mumbai,, Maharashtra, 400012.",998314,Maharashtra
SLV Developers Private Limited,1097,29AATCS3798R1ZR,AATCS3798R,"180, Vidyaranyapura, NTI Layout,, Behind SBI Bank, Bangalore 560097.","180, Vidyaranyapura, NTI Layout,, Behind SBI Bank, Bangalore 560097.",998314,Karnataka
Suposhaa Realcon Private Limited,958,06AAXCS0101L1Z8,AAXCS0101L,"Unit No. Sb/C/2L/Office/017A, M3M Urbana,, Sector-67, Gurugram Manesar Urban Complex,, Gurugram, Haryana, 122102","Unit No. Sb/C/2L/Office/017A, M3M Urbana,, Sector-67, Gurugram Manesar Urban Complex,, Gurugram, Haryana, 122102",998314,Haryana
SNR Square Pvt Ltd,1270,29AAUCS3879G1ZF,AAUCS3879G,"Lakshmi Arcade, No. 484, 1st Floor, 17th Cross,, 27th Main, HSR Layout, 2nd Sector,, Bangalore - 560102.","Lakshmi Arcade, No. 484, 1st Floor, 17th Cross,, 27th Main, HSR Layout, 2nd Sector,, Bangalore - 560102.",998314,Karnataka
APG Imperial Homes Pvt Ltd,1422,29AAOCA0369D1ZM,AAOCA0369D,"No.30, Third Floor, Assetz House, Crescent Road,, Bengaluru, Bengaluru Urban, Karnataka, 560001","No.30, Third Floor, Assetz House, Crescent Road,, Bengaluru, Bengaluru Urban, Karnataka, 560001",998314,Karnataka
Riseonic Realty Private Limited,1368,06AAKCR0268A2ZO,AAKCR0268A,"Unit No 611, Tower A 6Th Floor, Urban Square, Pioneer Urban Square, Gurugram, Gurugram, Haryana, 122101","Unit No 611, Tower A 6Th Floor, Urban Square, Pioneer Urban Square, Gurugram, Gurugram, Haryana, 122101",998314,Haryana
Dhanashri Construction,1137,27AAEFD4519R3ZW,AAEFD4519R,"Shop No 11 B, Sonigara Park,, Tathawade Road, Laxmitara Dange Chowk,, Mulshi, Pune, Maharashtra, 411033.","Shop No 11 B, Sonigara Park,, Tathawade Road, Laxmitara Dange Chowk,, Mulshi, Pune, Maharashtra, 411033.",998314,Maharashtra
Ami Estates Llp,1376,27AAVFA6827C1Z8,AAVFA6827C,"13-A,, Ground Floor,, Surya Kiran Bldg, Behind Tejpal Auditorium,, August Kranti Maidan, Mumbai Suburban, Maharashtra, 400036","13-A,, Ground Floor,, Surya Kiran Bldg, Behind Tejpal Auditorium,, August Kranti Maidan, Mumbai Suburban, Maharashtra, 400036",998314,Maharashtra
Sheth Realty Splendour Greens Llp,1394,27ABSFS1072R1Z9,ABSFS1072R,"S No. 26/13, D P No. 373, Office No. 202, Lane No. 7 Koregaon Park, Pune","S No. 26/13, D P No. 373, Office No. 202, Lane No. 7 Koregaon Park, Pune",998314,Maharashtra
Ani Anu Developers Private Limited,1134,27AACCA5917B1Z2,AACCA5917B,"Temp A2 To A5 1067, Opposite Chancholi Bunder Road,, Malad West, Mumbai, Maharashtra, 400064","Temp A2 To A5 1067, Opposite Chancholi Bunder Road,, Malad West, Mumbai, Maharashtra, 400064",998314,Maharashtra
SLV Housing Development Corporation,1131,Unregistered,ABAFS5822P,"No.1, Sri Krishna Mansion, Chunchgatta Main Rd,, New Bank Colony, Konanakunte, Bengaluru,, Karnataka 560062.","No.1, Sri Krishna Mansion, Chunchgatta Main Rd,, New Bank Colony, Konanakunte, Bengaluru,, Karnataka 560062.",998314,Karnataka
Eversmile Properties Pvt. Ltd.,150,27AAACE1576C2ZY,AAACE1576C,"75 Sector 1, Srishti Housing Complex,, Penkarpada Mira Rd, Thane, Mumbai,, Maharashtra, 401104.","75 Sector 1, Srishti Housing Complex,, Penkarpada Mira Rd, Thane, Mumbai,, Maharashtra, 401104.",998314,Maharashtra
Star builders & Developers,1307,27ABHFS8448N1ZA,ABHFS8448N,"102, Star Era, Tirupati Nagar Phase - 1,, Virar West, Tal-Vasai,, Dist-Palghar 401303.","102, Star Era, Tirupati Nagar Phase - 1,, Virar West, Tal-Vasai,, Dist-Palghar 401303.",998314,Maharashtra
Maa Homes And Estates Private Limited,1341,29AAOCM6607J1ZW,AAOCM6607J,"No.252, 14Th Main, Hsr Layout, Sector 7, Bangalore, Bengaluru Urban","No.252, 14Th Main, Hsr Layout, Sector 7, Bangalore, Bengaluru Urban",998314,Karnataka
Namdev Construction Private Limited,1207,06AAECN4892N1ZU,AAECN4892N,"224, 2Nd Floor, Suncity Business Tower,, Golf Course Road,, Sector-54, Gurgaon,, Gurugram, Haryana, 122002.","224, 2Nd Floor, Suncity Business Tower,, Golf Course Road,, Sector-54, Gurgaon,, Gurugram, Haryana, 122002.",998314,Haryana
Sundew Homes,1365,29ACVFS1648H1ZF,ACVFS1648H,"29, S.N.Complex, 4th Floor,, 14th Main Road E Block Extn,, Sahakarnagar, Bangalore-560092.","29, S.N.Complex, 4th Floor,, 14th Main Road E Block Extn,, Sahakarnagar, Bangalore-560092.",998314,Karnataka
Shantee Homes Realty LLP,1277,27ACNFS5210P1ZK,ACNFS5210P,"Ground Floor Shreenath Bhavan,, 60  Ft Road Vasai West,, Palghar, Maharastra,, 401202.","Ground Floor Shreenath Bhavan,, 60  Ft Road Vasai West,, Palghar, Maharastra,, 401202.",998314,Maharashtra
Shree Swami Samarth Enterprises,1280,27ACAFS7974D1ZV,ACAFS7974D,"Survey No 133/2, Behind Tharwani Ariana, Near Wadavli,, Ambernath, Thane","Survey No 133/2, Behind Tharwani Ariana, Near Wadavli,, Ambernath, Thane",998314,Maharashtra
Basant Projects Limited,1216,07AABCB8143M1ZH,AABCB8143M,"G3, Ground Floor, Aggarwal Corporate Tower,, 23, Rajendra Place, North West Delhi,, Delhi, 110008.","G3, Ground Floor, Aggarwal Corporate Tower,, 23, Rajendra Place, North West Delhi,, Delhi, 110008.",998314,Delhi
Spaceindia Nest Private Limited,1387,27ABBCS3826R1ZQ,ABBCS3826R,"S.No. 13, Sh.No. 201, Ii Nd Floor,, Sanskruti Housing,, Bhumkar Chowk, Wakad, Pune, Maharashtra, 411057","S.No. 13, Sh.No. 201, Ii Nd Floor,, Sanskruti Housing,, Bhumkar Chowk, Wakad, Pune, Maharashtra, 411057",998314,Maharashtra
Raveshia Realtors,1120,27AAMFR1363F1Z5,AAMFR1363F,"Plot No 130, 11Th Floor, Casablanca,, Off Lane Of Sujay Hospital, Vile Parle West,, Mumbai, Mumbai Suburban, Maharashtra, 400049","Plot No 130, 11Th Floor, Casablanca,, Off Lane Of Sujay Hospital, Vile Parle West,, Mumbai, Mumbai Suburban, Maharashtra, 400049",998314,Maharashtra
Real One Homestates Private Limited,1338,06AAGCR4341A1ZV,AAGCR4341A,"415, 4Th Floor, Vipul Trade Centre, Sohna Road, Gurgaon, Haryana,, Gurugram, Haryana, 122002","415, 4Th Floor, Vipul Trade Centre, Sohna Road, Gurgaon, Haryana,, Gurugram, Haryana, 122002",998314,Haryana
Home Search,1331,27AWVPM3961H1ZV,AWVPM3961H,"L G 5, Lower Ground, Siddhivinayak Tower,, Machhi Market, Kulgaon, Badlapur E,, Thane, Maharashtra, 421503.","L G 5, Lower Ground, Siddhivinayak Tower,, Machhi Market, Kulgaon, Badlapur E,, Thane, Maharashtra, 421503.",998314,Maharashtra
Trinity Builders,1245,27AAJFT7287K1ZC,AAJFT7287K,"102, Chadda Crescent, Sector- 17, Vashi,, Navi Mumbai, Thane, Maharashtra, 400703","102, Chadda Crescent, Sector- 17, Vashi,, Navi Mumbai, Thane, Maharashtra, 400703",998314,Maharashtra
Propsure,1263,Unregistered,AAEPV7253N,"Shop No. 1, Cross Road market,, Sec 69, Gurgaon - 122018.","Shop No. 1, Cross Road market,, Sec 69, Gurgaon - 122018.",998314,Haryana
Damodar Suruchi Developers Private Limited,1295,27AAICD5545L1Z8,AAICD5545L,"8, Abhishek Premises,C-5, Dalia Industrial Estate, Andheri Link Road, Mumbai","8, Abhishek Premises,C-5, Dalia Industrial Estate, Andheri Link Road, Mumbai",998314,Maharashtra
Upkar Shelters,951,Unregistered,AACFU7324B,"No. 28, 9th Cross, Off R.V. Road, II Block, Jayanagar, Bangalore - 560011","No. 28, 9th Cross, Off R.V. Road, II Block, Jayanagar, Bangalore - 560011",998314,Karnataka
Jayant Enterprises,1125,27AAPFJ6830L1ZR,AAPFJ6830L,"Shop No 2, Ground Floor, Jayant Kripa,, Dive Village, Airoli, Thane,, Maharashtra, 400708","Shop No 2, Ground Floor, Jayant Kripa,, Dive Village, Airoli, Thane,, Maharashtra, 400708",998314,Maharashtra
Homes and Mansions MHP LLP,221,Unregistered,AAOFH2277G,"101, Monal CHS, Upper Govind Nagar, Malad East Mumbai 97","101, Monal CHS, Upper Govind Nagar, Malad East Mumbai 97",998314,Maharashtra
Vardhaman Venture,1101,27AAKFV7122J1ZT,AAKFV7122J,"Shop-1, 1St Floor, Sarswati Plaza,, Virar, Mumbai, Palghar, Maharashtra, 401303","Shop-1, 1St Floor, Sarswati Plaza,, Virar, Mumbai, Palghar, Maharashtra, 401303",998314,Maharashtra
Lotus Construction,1302,27AAGFL4787K1ZO,AAGFL4787K,"07, Ground Floor, Nityanand Chs, Davadi Village Road,, Sitaram Nagar, Dombivli, Thane,, Maharashtra, 421203.","07, Ground Floor, Nityanand Chs, Davadi Village Road,, Sitaram Nagar, Dombivli, Thane,, Maharashtra, 421203.",998314,Maharashtra
Rainbow Construction,1193,27AAIFR5913M1ZQ,AAIFR5913M,"Raviraj Realty, Office No. 1 - 5,2nd Floor,, Millenium Star Building,, Next to Ruby Hall Clinic, Dhole Patil Road,, Pune, Maharashtra-411001.","Raviraj Realty, Office No. 1 - 5,2nd Floor,, Millenium Star Building,, Next to Ruby Hall Clinic, Dhole Patil Road,, Pune, Maharashtra-411001.",998314,Maharashtra
Rigved Landmarks AOP,1320,27AAIAR6229H1Z8,AAIAR6229H,"344, Dharamsy Bhuvan, Chandavarkar X Road,, Matunga Rd, Matunga (C.R.), Mumbai,, Maharashtra 400019.","344, Dharamsy Bhuvan, Chandavarkar X Road,, Matunga Rd, Matunga (C.R.), Mumbai,, Maharashtra 400019.",998314,Maharashtra
WTC Faridabad Infrastructure Development Private Limited,1361,06AAECR9600G2ZG,AAECR9600G,"13/2/2 5-9, Mauza Dayalpur, Kheda Tehsil, Ballabhgarh, Faridabad","13/2/2 5-9, Mauza Dayalpur, Kheda Tehsil, Ballabhgarh, Faridabad",998314,Haryana
Siddharth Constructions,1235,27ABBPB7143D1Z7,ABBPB7143D,"9/1, Rambagh Vasaht,212,, Navi Sadashiv Peth,Shastri Road,, Pune - 411030.","9/1, Rambagh Vasaht,212,, Navi Sadashiv Peth,Shastri Road,, Pune - 411030.",998314,Maharashtra
Prathamm Developers,1075,29AAQFP1048R1ZC,AAQFP1048R,"No.11, 4Nd Floor, 1St Cross, Kempe Gowda Road Extension,, Bangalore, Bengaluru Urban, Karnataka, 560009","No.11, 4Nd Floor, 1St Cross, Kempe Gowda Road Extension,, Bangalore, Bengaluru Urban, Karnataka, 560009",998314,Karnataka