Story Id,Story Name,Marked on Panel,RERA Number,
68, Mahindra Alcove,None,P51800028352,
49, Runwal Bliss,None,P51800001296,
49, Runwal Bliss,None,P51800001477,
49, Runwal Bliss,None,P51800001670,
49, Runwal Bliss,None,P51800001903,
49, Runwal Bliss,None,P51800005684,
49, Runwal Bliss,None,P51800032824,
49, Runwal Bliss,None,P51800035134,
268,10 BIZ PARK - Viman Nagar,None,P51800003590,
817,107 Southeast - Near E City,None,PRM/KA/RERA/1251/308/PR/140222/004708,
44,18 CASITA,None,A51900000277,
44,18 CASITA,None,PRM/KA/RERA/1251/309/AG/220521/002898,
109,19 North - Kandivali West,None,P51800026243,
1051,22 Dhuleva - Parel ,None,P51900005991,
635,36 Allure Infra - Goregaon West,None,P51800032348,
342,4 Taljai Hills - Dhankawadi,None,P52100027103,
342,4 Taljai Hills - Dhankawadi,None,P5210002908,
238,53 West - Andheri West,None,P51800031057,
748,66 Avenue - Pimpri Chinchwad,None,P52100021457,
103,71 Midtown - Chembur East,None,P51800028761,
555,72 corp - Kurla West,None,P51800021663,
82,73 East - Kandivali West,None,P51800015343,
1174,83 Metrostreet - Sector 83,None,337 OF 2017,
447,9 North - Govandi East,None,A51900011245,
518,95 West - Malad West,None,P51800032841,
910,96 Tagore - Santacruz West,None,P51900034416,
15,99 Riverfront,None,A52100000018,
149,Aadhayay - Andheri West,None,P51800020623,
345,Aagman Residency - Mulund West,None,P51800021266,
580,Aakar Deep - Ghatkopar East,None,P51800030542,
681,Aaradhya Appartment - Virar East		,None,P99000021484,
1014,Aarcon - Punawale,None,P52100030862,
1041,Aarra Springs - Sarjapura EXT Chikkatirupathi,None,PRM/KA/RERA/1265/347/PR/170824/000020,
604,Aashray Aanand Phase- II - Ambernath East,None,P51700026268,
896,Aashrayaa Ecocity - Hoskote,None,PRM/KA/RERA/1250/304/PR/180130/001424,
461,Aayush Aarna - Chembur,None,P51800027442,
462,Aayush Gulmohar  - Chembur,None,P51800031880,
1116,Abhigna Misty Woods - JP Nagar ,None,PRM/KA/RERA/1251/309/PR/200827/003574,
891,Absolute Collection - Andheri East,None,P51800032286,
615,Ace Courtyard - Thane West,None,P51700033813,
1102,Acropolis - Kalewadi ,None,P52100004298,
877,Address 51 - Bandra East,None,P51900035076,
989,Adisesh Boulevard - Whitefield,None,PRM/KA/RERA/1265/339/PR/210130/003806,
917,Aditya plaza - Malad West,None,P51800002793,
906,Adityaraj Enclave - Ghatkopar East,None,P51800024475,
492,Agami Sapphire - Boisar East,None,P99000020242,
1121,Ahad Serenity - Hosa Road,None,PRM/KA/RERA/1251/308/PR/210219/003913,
626,Airoli Tower - Airoli,None,P51700006609,
723,Aishwaryam Hamara - Chikhali,None,P52100006348,
486,Ajmera Manhattan - Wadala East,None,P51800032948,
689,Aksha Ambar - Moshi,None,P52100032442,
749,Aksha Elegance - Chikhali,None,P52100012491,
704,Aksha Swapnalok - Moshi,None,P52100011375,
713,Aksha Vrundavan - Moshi,None,P52100011335,
577,Allure - Ravet,None,P52100029341,
712,Allure One - KR Puram,None,PRM/KA/RERA/1251/446/PR/200323/003377,
738,Allure-II - Ravet,None,P52100034241,
1256,Aloha - Palghar West,None,P99000046448,
613,AL-ZASSZ BLISS - Manyata Tach Park,None,PRM/KA/RERA/1251/309/PR/200205/003239,
716,Amantra - Kalyan,None,P51700000308,
284,Amaryllis Towers and Plaza,None,P51800028801,
556,Ambar - Shukrawar Peth,None,P52100017441,
610,Ambe Smruti - Rasayani,None,P52000027236,
637,Amber One - Thakurli East				,None,P51700027251,
980,"Ambience Downtown - Cooke Town, Banaswadi Road",None,PRM/KA/RERA/1251/446/PR/191107/002995,
509,Ambika Brickwell LLP - Bhiwandi,None,P51700008966,
1410,Ambrosia Alley - Hadapsar,None,P51200026792,
352,Ambrosia Galaxy - Baner,None,P52100027363,
472,Amora - Pimple Nilakh,None,P52100028677,
642,Amorapolis - Dhanori,None,P52100030009,
359,Amore - Andheri West,None,P51800023615,
687,Amore Edge - Khar West,None,P51800033249,
686,Amore Edge - Khar West,None,P51800033249,
743,Amulyam - Panvel,None,P52000034022,
88,Anandam - Bhayander West,None,P51700017515,
476,Anant Residency - Panvel,None,P52000028314,
1061,Ananta Pride - Badlapur West ,None,P51700029977,
499,Anchor Residency - Ghatkopar West,None,P5180001059,
493,AND Forever City - Diva East,None,P51700019146,
1099,Anika Redwood Homes - Nagarabhavi Main Road,None,PRM/KA/RERA/1251/310/PR/190108/002281,
1013,ANP Landmark - Wakad,None,P51800028243,
558,Antaliea Homes - Kogilu Layout,None,PRM/KA/RERA/1251/309/PR/190829/002839,
466,Antariksh Avalon - Ghatkopar East,None,P51800030439,
439,Aplite Green Stone Heritage - Fort,None,P51900002372,
439,Aplite Green Stone Heritage - Fort,None,P51900008300,
967,Apna Ghar - Mira Bhayandar,None,P51700045206,
892,Aqura Pride - Vadgaon Budruk,None,P52100031863,
97,Aradhya Eastwind  - Vikhroli East,None,P51800020183,
656,Arham Aum - Matunga East,None,P51800002719,
655,Arham Brindavan - Chembur East,None,P51800004177,
112,Ariha Signature - Goregaon West,None,P51800027852,
275,Arihant Advika - Vashi,None,P51700028950,
271,Arihant Aloki,None,P52000024460,
271,Arihant Aloki,None,P52000025041,
272,Arihant Aloki - Karjat East,None,P52000024460,
270,Arihant Amisha,None,P52000029991,
273,Arihant Anmol	 - Badlapur East,None,P51700027339,
274,Arihant Arshiya - Khopoli			,None,P52000003422,
931,Arihant Aspire - Panvel,None,P52000014107,
972,Aristocrat's Avenue - Goregaon West,None,P51800034503,
256,ARMAAN LOTUS - Nalasopara East,None,P99000027113,
568,Arv Royale - Hadapsar Handewadi Road,None,P52100016845,
574,ARV Uthville,None,P52100030680,
575,ARV Uthville - Kharadi,None,P52100030680,
346,Arya & Ira - Kalyan West,None,P51700026854,
139,Aryavarta - Andheri East,None,P51900002676,
824,Ashish Green B- Block - Varthur,None,PRM/KA/RERA/1251/308/PR/191206/003053,
898,Ashish Narayana Row House - Whitefield,None,PRM/KA/RERA/1251/446/PR/130422/004835,
721,Ashtha Heights - Goregaon West,None,P51800001546,
1031,Asset Arcadia - Off Sarjapura,None,PRM/KA/RERA/1251/308/PR/180319/001197,
440,Astrum - Malad East,None,P51800029353,
423,Athena  - Goregaon West,None,P51800003330,
648,Atmos & Aura - Hobli,None,PRM/KA/RERA/1251/309/PR/210416/004127,
1073,Atul Westernhills - Baner,None,P52100019366,
94,Atulya,None,P52100000169,
93,Atulya,None,P52100000169,
95,Atulya - Kanhe - Talegaon,None,P52100000200,
95,Atulya - Kanhe - Talegaon,None,P52100000202,
95,Atulya - Kanhe - Talegaon,None,P52100000203,
95,Atulya - Kanhe - Talegaon,None,P52100000205,
95,Atulya - Kanhe - Talegaon,None,P52100000169,
473,Auralis - The Twins - Thane,None,P51700009177,
269,Aureta - Koregaon Park,None,P52100030375,
598,Aurigae Residency - Kandivali East			,None,P51800019096,
154,Avana - Parel,None,P51900000793,
159,Avanya - Dahisar East,None,P51800003202,
847,Avron V - Chembur East,None,P51800024892,
606,Balaji Heights - Rasayani		,None,P51700000083,
808,Balaji Vivanta - Kalyan Murbad Road,None,P51700029805,
617,Basil Mondale - Mundhwa,None,P52100033136,
367,Bay View - Mazgaon West,None,P51900006866,
107,Baya Nucleus - Lower Parel,None,P51900021103,
1314,Bayvue - MarineLines East ,None,P51900003287,
677,Belantara - Rasayani,None,P51800002373,
677,Belantara - Rasayani,None,P51800003012,
677,Belantara - Rasayani,None,P51800004432,
137,Bellezza of Shanti Sadan - Mulund East,None,P51800013076,
1012,Belmac Residences - New Kalyani Nagar,None,P52100020497,
1012,Belmac Residences - New Kalyani Nagar,None,P52100018437,
1012,Belmac Residences - New Kalyani Nagar,None,P52100013991,
74,Beverly Hills,None,P51800001980,
77,Beverly Hills - Andheri East,None,P51800001980,
758,Bhattad Sankalp - Bhuleshwar,None,P51900021085,
787,Bhavisha Bentley Greens - Sarjapura Road,None,PRM/KA/RERA/1251/308/PR/210928/004315,
111,Bhoomi Acres - Waghbill - Thane West,None,P51700020184,
131,Bhoomi Samarth - Goregaon East	,None,P51800026289,
952,Birla Navya - Sector 63,None,RC/REP/HARERA/GGM/390/122/2020/06,
1086,Blancora - Ulwe ,None,P52000025001,
1085,Blancora - Ulwe ,None,P52000025001,
262,Bliss Solitaire - Undri	,None,P52100026322,
62,"Bloomville, Hinjewadi",None,P52100020688,
680,Blossom Residency - Vile Parle East,None,P51800028538,
309,Bluegrass Residences - Kalyani Nagar,None,P52100018091,
309,Bluegrass Residences - Kalyani Nagar,None,P52100024441,
676,Bluejay Uttar - Devanahalli,None,PRM/KA/RERA/1250/303/PR/200211/003265,
102,Blumen - Vikhroli West,None,P51800013365,
750,Bollineni Astra - Kogilu,None,PRM/KA/RERA/1251/309/PR/190614/002619,
1424,Boulevard Commerz - Sus,None,P52100021251,
697,Bramha SkyCity - Dhanori,None,P52100029056,
724,Bramha SkyUzuri - Pimpri,None,P52100006447,
333,Brand Square - Pimple Saudagar,None,P52100003247,
818,Bren Northern Lights - Jakkur,None,PRM/KA/RERA/1251/309/PR/190207/002365,
286,Brookefield Willows - Pisoli,None,P52100028570,
189,Business Bay - Oshiwara,None,P51800031563,
651,Canvas & Cove - Hosur Main Road,None,PRM/KA/RERA/1251/310/PR/200702/003480,
85,Canvas Residency - Sewree,None,P51900026182,
1129,Cardinal One - Yeshwanthpur,None,PRM/KA/RERA/1251/309/PR/190314/002489,
541,Carmel Heights by Incor - HSR Layout,None,PRM/KA/RERA/1251/446/PR/180924/002016,
671,Casa Grand Orlena - HBR Layout,None,PRM/KA/RERA/1251/446/PR/210928/004324,
1036,Cascade Avenue - Thane West ,None,P51700033736,
932,CD GuruDev - Virar West,None,P99000029320,
728,Celebrity Prime Eco Front - Jigani,None,PRM/KA/RERA/1251/310/PR/171031/001743,
495,Celestial City phase 2 - Ravet,None,P52100022487,
219,Celestial Living - Dahisar East,None,P51800028969,
517,Central Park - Vikhroli East,None,P51800033540,
1035,Centrico - Malad West ,None,P51800008480,
670,CG Boulevard - Hennur Main Road		,None,PRM/KA/RERA/1251/446/PR/201001/003629,
937,Chaitanya Nishigandh - Dadar West,None,P51900034202,
936,Chaitanya Shreyas - Andheri West,None,P51800035185,
198,Charms Global City - Ambernath East,None,P51700021983,
193,Codename Golden Square - Kalyan Bhiwandi J,None,P51700018908,
638,Codename Levelup Thane - Thane,None,P51700034042,
134,Codename Livin Greens - Borivali East		,None,PA51800024674,
51,Codename Mountain View,None,P51700024060,
756,Codename Pehla Ghar - Taloja,None,P52000031129,
362,Codename Pride of 90 feet - Ghatkopar East,None,P51800032084,
946,Codename Smart Choice - Ghatkopar East,None,P51800045613,
838,Codename West Wind - Goregaon West,None,P51800030389,
37,Codename winwin,None,P51800019950,
627,Codename Zen - Ghatkopar East,None,P51800003201,
627,Codename Zen - Ghatkopar East,None,P51800003446,
627,Codename Zen - Ghatkopar East,None,P51800006139,
487,CoEvolve Northern Star,None,PRM/KA/RERA/1251/309/PR/170916/000151,
1043,Concorde Abode 99 - Sarjapur,None,PRM/KA/RERA/1251/310/PR/210302/003983,
1045,Concorde Hill Crest  - Bengaluru ,None,PRM/KA/RERA/1254/460/PR/180521/001784,
1044,Concorde Spring Meadows - Bengaluru,None,PRM/KA/RERA/1251/309/PR/180227/002657,
514,Continental Heights - Mazgaon,None,P51900007187,
720,Continental Heights - Mazgaon			,None,P51900007187,
89,Cornerstone - Worli,None,P51900005370,
732,Cornerstone Akhinta Residences - BTM Layout,None,PRN/KA/RERA/1251/310/PR/130422/004834,
563,Corporate Annexe - Goregaon East,None,P51800030989,
67,Countdown X,None,P51800026905,
630,Dada Maharaj Heights - Girgaon East,None,P51900013974,
557,Daisy Gardens - Ambernath,None,P51700005390,
751,Datta Ramanand - Vile Parle East,None,P51800001236,
811,Dattani Vertex and Dattani Linear - Vasai West,None,P99000027866,
811,Dattani Vertex and Dattani Linear - Vasai West,None,P99000027867,
811,Dattani Vertex and Dattani Linear - Vasai West,None,P99000027870,
884,Deep Sky - Vasai East,None,P99000032622,
1001,Definer Hi-Life - Maragondanahalli Main road,None,PRM/KA/RERA/1251/309/PR/171015/000578,
1065,Desai Golden Springs - Whitefield ,None,PRM/KA/RERA/1251/446/PR/200817/003548,
104,Desire - Dadar West,None,P51900017691,
435,Devi Sadan - Matunga East,None,P51900023412,
897,Dhiraan Urban Forest - Chandapura,None,PRM/KA/RERA/1251/308/PR/250222/004735,
778,Dinaco Darshan - Dahisar West,None,P51800032422,
918,Divine Heights - Diva East,None,P51700019573,
158,Divum - Goregaon East,None,P51800018784,
752,DNR Casablanca - Mahadevapura,None,KA/RERA/PR/KN/170902/001978,
456,DNR Highline - Rajajinagar,None,PRM/KA/RERA/1251/309/PR/22018/004647,
754,DNR Spring Leaf - Koramangala,None,PRM/KA/RERA/1251/310/PR/190222/00244,
108,Domain - Govandi West,None,P51800023311,
963,Dotom Isle - Malad West,None,P51800013105,
963,Dotom Isle - Malad West,None,P51800031765,
480,DP Star - Bhandup West,None,P51800003937,
480,DP Star - Bhandup West,None,P51800003937,
480,DP Star - Bhandup West,None,P51800004550,
875,Dream heights - Naigaon,None,P99000005331,
875,Dream heights - Naigaon,None,P99000009825,
1112,"Dreams Park Daisy - Mumdapur, Neral",None,P52000016115,
527,Dreams Rakshak - Wagholi,None,P512100000401,
564,Drushti Sapphire -Ghatkopar East,None,P51800032434,
863,DS MAX Spoorthi - Sarjapura,None,PRM/KA/RERA/1251/308/PR/290122/004660,
901,DS MAX Sukruth - Attibele Hobli,None,PRM/KA/RERA/1251/308/PR/280222/004739,
887,DSR Paradise - New Panvel,None,P52000030011,
532,Durga Imperial - Kalyan East,None,P51700007962,
542,Durga Nandana - Yelahanka,None,PRM/KA/RERA/1251/472/PR/200624/003462,
424,Durga Petals - Doddanekkundi,None,PRM/KA/RERA/1251/308/PR/171014/000571,
424,Durga Petals - Doddanekkundi,None,PRM/KA/RERA/1251/308/PR/180519/001760,
1136,Dwarka Heights Phase 1 - Pimple Saudagar,None,P52100031038,
717,Dynamic Crest - Dombivali,None,P51800001460,
1072,Dynamic Grandeur - Undri,None,P52100005396,
650,Earth & Essence Plots - Hosahalli,None,PRM/KA/RERA/1251/309/PR/200811/003538,
684,Earth & Essence Row Houses - Hosahalli,None,PRM/KA/RERA/1251/309/PR/180621/001907,
684,Earth & Essence Row Houses - Hosahalli,None,PRM/KA/RERA/1251/309/PR/200811/003538,
684,Earth & Essence Row Houses - Hosahalli,None,PRM/KA/RERA/1251/309/PR/211027/004375,
1028,East Point - Ghatkopar East ,None,P51800002979,
560,Eastern Winds - Kurla East,None,P51800007604,
806,Eastwoods - Viman Nagar,None,P52100022931,
596,Ekta Greenville -  Pathardi Nashik 			,None,P51600001224,
596,Ekta Greenville -  Pathardi Nashik 			,None,P51600001510,
596,Ekta Greenville -  Pathardi Nashik 			,None,P51600000685,
592,Ekta Parkville - Virar West,None,P99000000116,
593,Ekta Trinity - Santacruz West,None,P51800005021,
595,Ekta Tripolis - Goregaon West,None,P51800000947,
594,Ekta Verve - Khar West,None,P51800021089,
1046,Elegant Altima - Gubbalala,None,PRM/KA/RERA/1251/310/PR/190724/002717,
665,ELV KingsLand - Borewell Road,None,PRM/KA/RERA/1251/446/PR/181122/002144,
1109,Embassy Edge - Off International Airport Road - Bangalore,None,PRM/KA/RERA/1250/303/PR/180526/001825,
1104,Embassy Lake Terraces - Hebbal,None,PRM/KA/RERA/309/PR/191130/000602,
1110,Embassy Springs - Off International Airport Road - Bangalore,None,PRM/KA/RERA/1250/303/PR/171016/000633,
35,Emerald Isle II,None,P51800007280,
35,Emerald Isle II,None,P51800013052,
35,Emerald Isle II,None,P51800013214,
35,Emerald Isle II,None,P51800013504,
727,Emmay Environs Pride - Whitefield,None,PRM/KA/RERA/12510/304/PR/210323004045,
450,Emperia Icon - Navi Mumbai,None,P51700029339,
933,Empire Centrum Residential - Ambernath,None,P51700006096,
933,Empire Centrum Residential - Ambernath,None,P51700021315,
933,Empire Centrum Residential - Ambernath,None,P51700025192,
934,Empire Industrial Centrum - Ambernath,None,P51700006096,
934,Empire Industrial Centrum - Ambernath,None,P51700025202,
160,Enso Sanza - Kandivali East,None,P51800013955,
374,Eon One - Prabhadevi,None,P51900011726,
832,Esperanza - Lalbaug,None,P51900006456,
1034,Estado - Bandra East ,None,P51800007548,
1084,Estella - Wakad,None,P52100017619,
669,Eswar vanamali - Hennur Road,None,PRM/KA/RERA/1251/446/PR/200205/003236,
263,ETERNIA 2.0 - BT Kawade Road,None,P52100021956,
991,Euro Ville - Shahapur,None,P51700001003,
991,Euro Ville - Shahapur,None,P51700001090,
432,Evershine Amavi 303 - Virar West,None,P990000024780,
432,Evershine Amavi 303 - Virar West,None,P99000024753,
432,Evershine Amavi 303 - Virar West,None,P99000024860,
726,Evershine Northeast Apartments - Hosa Road,None,PRM/KA/RERA/1251/308/PR/220210/004690,
1126,Excellencee - Moshi,None,P52100026856,
16,Exquisite,None,P52100000298,
16,Exquisite,None,P52100001266,
56,Felicity Pune,None,P52100022300,
415,Fenkin9 - Thane,None,P51700028367,
1048,Flowing Tree - Yelahanka,None,PRM/KA/RERA/1251/472/PR/181122/002177,
781,Folium By Sumadhura - East Bengaluru,None,PRM/KA/RERA/1251/446/PR/280222/004738,
810,Fortuna Blue - Lower Parel West,None,P51900018299,
883,Fortune Star - Byculla West,None,P51800031620,
957,Fusion 4 Pearl - Yelahanka New Town,None,PRM/KA/RERA/1251/472/PR/201029/003677,
22,Gagan Klara,None,P52100019739,
436,Gajanan Icon - Kalyan East,None,P51700022542,
369,Gala - Malad East		,None,P51800029415,
433,Galaxy - Ravet,None,P52100025203,
1173,Gallexie 91 - Sector 91,None,382 OF 2017,
212,Gami Industrail Park - Pawane Navi Mumbai,None,P51700027441,
194,Gami Viona - Kharghar,None,P52000018674,
53,Ganga Platino,None,P52100031418,
384,Ganraj Skydale - Mohammadwadi,None,P52100028527,
636,Garden Avenue - K - Virar West,None,P99000004018,
636,Garden Avenue - K - Virar West,None,P99000007110,
1056,GeeCee PROXIMUS - Chembur ,None,P51800027318,
55,Gera's World Of Joy,None,P52100022499,
55,Gera's World Of Joy,None,P52100022522,
55,Gera's World Of Joy,None,P52100022530,
55,Gera's World Of Joy,None,P52100022598,
1062,Ghatkopar Ashish CHSL - Ghatkopar,None,P51800033742,
96,Ghatkoper Avenue - Ghatkopar East,None,P51800024674,
96,Ghatkoper Avenue - Ghatkopar East,None,P51800025071,
96,Ghatkoper Avenue - Ghatkopar East,None,P51800027588,
96,Ghatkoper Avenue - Ghatkopar East,None,P51800027659,
96,Ghatkoper Avenue - Ghatkopar East,None,P51800027826,
96,Ghatkoper Avenue - Ghatkopar East,None,P51800027922,
96,Ghatkoper Avenue - Ghatkopar East,None,P51800029288,
1076,GlenONE - Boisar East ,None,P99000026467,
1015,Global Celesta - Chandapura,None,PRM/KA/RERA/1251/308/PR/210409/004120,
929,Global City 81 - Sector 81,None,RERA-GRG-PROJ-880-2021,
582,Glory - Parel ,None,P51900003605,
822,GMC One - Off Mysore Road,None,PRM/KA/RERA/1251/310/PR/190913/002848,
52,Godrej Exquisite - Thane,None,P51700024496,
39,Godrej Forest Grove,None,P52100023129,
21,Godrej Hillside,None,P52100022099,
21,Godrej Hillside,None,P52100022153,
17,Godrej Nurture,None,P52100020686,
17,Godrej Nurture,None,PRM/KA/RERA/1251/308/PR/191220/003093,
45,Godrej Platinum,None,P51800013802,
379,Godrej Riviera - Kalyan,None,P51700032552,
66,Godrej RKS ,None,P51800023915,
54,Goel Ganga Serio,None,P52100023713,
54,Goel Ganga Serio,None,P52100029757,
249,GOKUL II - Panvel,None,P52000008673,
319,Golden Heights @ SMGK Urbana - Jogeshwari West,None,P51800010146,
364,Golden Winds - Lohegaon,None,P52100003838,
364,Golden Winds - Lohegaon,None,P52100027754,
1128,Gomati IRIS - Hosur Road ,None,PRM/KA/RERA/1251/PR/171125/000624,
947,Goodwill Breeza - Dhanori,None,P52100020307,
944,Goodwill Crescent - Keshav Nagar,None,P52100022861,
779,Goyal Amrut - Borivali West,None,P51800031359,
761,Gr Samskruthi - Sarjapura,None,PRM/KA/RERA/1251/308/PR/20215/003745,
296,Grace Squre - Mumbra,None,P51700008389,
296,Grace Squre - Mumbra,None,P51700016191,
296,Grace Squre - Mumbra,None,P51700022357,
1023,Gran Icon Phase 2 - Bengaluru ,None,PRM/KA/RERA/1251/308/PR/211215/004584,
1024,Grand Icon Phase 2 - Electronic City Bengaluru,None,PRM/KA/RERA/1251/308/PR/211215/004584,
849,Grand Vista - Dombivali East,None,P51700015042,
959,GRC Subhiksha - Hosa Road,None,PRM/KA/RERA/1251/308/PR/180504/001615,
166,GRD Infraprojects Pvt Ltd,None,P52100026904,
510,Green Republic - Wagholi,None,P52100009638,
986,Green Willows - Shahapur,None,P51700012824,
986,Green Willows - Shahapur,None,P51700012825,
821,Grevillea - H Cross,None,PRM/KA/RERA/1254/465/PR/201215/003753,
113,Grishma Heights - Kandivali West,None,P518000012108,
391,Growmore Bliss - A Wing - Malad West,None,P51800029432,
995,Gulab Shilp - Atulnagar Warje ,None,P52100032862,
996,Gulab Srushti - Kothrud,None,P52100031652,
662,Gulmohar - Ambernath East,None,P51700033537,
973,Guptari Galaxy City - Neral,None,P52000016109,
583,Guru Atman - Kalyan West,None,P51700020725,
776,Gurukrupa Ekatvam - Vikhroli,None,P51900033873,
349,Gurukrupa Ghanshyam - Ghatkopar East,None,P51900030149,
348,Gurukrupa Vyom - Juhu,None,P51900031575,
372,Happy Home - Taloja,None,P52000021393,
603,Happy Homes - Rasayani,None,P52000021393,
410,Hari Tara Heights - Dadar West,None,P51900014699,
92,Haware Altura,None,P51800029411,
600,Haware IPSA - Ghatkopar East,None,P51800019601,
531,Haware Meadows - Neral,None,P52000015126,
814,Hebron Avenue - Ramamurthy Nagar,None,PRM/KA/RERA/1251/446/PR/180523/001806,
86,Hello Epic,None,P51900026182,
801,Heriitage Signature - Shanti Nagar,None,PRM/KA/RERA/1251/446/AG/180521/000913,
941,Heritage Urbanpod - Sarjapur Road,None,PRM/KA/RERA/1251/310/PR/090222/004679,
920,Hermes Paras 3 - Kalyani Nagar,None,P52100025287,
757,High Cliff - Panathuru ,None,PRM/KA/RERA/1251/446/PR/171031/001436,
698,Hillcrest - Andheri East,None,P51800000493,
698,Hillcrest - Andheri East,None,P51800000508,
698,Hillcrest - Andheri East,None,P51800002556,
1032,Hive 67 - Kandivali West ,None,P51800022327,
356,Honeydew Shopping Plaza - Mulshi,None,P52100031170,
736,Horizon - Moshi,None,P52100031742,
1132,House of Hiranandani Castalia - Kandivali West,None,P51800031613,
485,I towers Exente - Hosur Road,None,PRM/KA/RERA/1251/310/PR171026/000862,
1033,Icon - Kandivali West ,None,P51800022327,
581,Icon 51 - Vadgaonsheri,None,P52100026645,
733,IFB Eastwood - Hoskote,None,PRN/KA/RERA/1250/304/PR/200219/003291,
481,Indiabulls Golf City - Khopoli,None,P52000001481,
481,Indiabulls Golf City - Khopoli,None,P52000001567,
481,Indiabulls Golf City - Khopoli,None,P52000002846,
567,Infinity cube - Punawale,None,P52100029887,
566,Infinity world - Punawale,None,P52100021151,
116,Insignia,None,P51800028166,
639,Ira Insignia - Dombivali East,None,P51700031409,
1171,IRIS Broadway -  New Gurugram Sector,None,168 OF 2017,
1117,Ishtika Vashishta - J P Nagar,None,ACK/KARERA/1251/310/PR/240522/005987,
449,Ivy Marvel - Vile Parle East,None,P51800006856,
419,JADE - Chembur West,None,P51800026869,
151,Jade Residences - Baner,None,P52100000926,
63,Jade the central life,None,P51800026869,
922,Jagdale Avesa - Thane West,None,P51700030171,
259,JEWEL CREST - Matunga West,None,P51900003955,
882,Jewel Heights - Badlapur West,None,P51700016400,
1064,Jewels Royale - Koregoan,None,P521000002343,
239,Joyville  - Virar West,None,P51900000444,
239,Joyville  - Virar West,None,P99000013612,
239,Joyville  - Virar West,None,P99000018521,
239,Joyville  - Virar West,None,P99000019531,
674,Joyville - Hadapsar Annexe ,None,P52100031391,
674,Joyville - Hadapsar Annexe ,None,P52100031515,
678,JR Garden Retreat - Marsur,None,PRM/KA/RERA/1251/308/PR/191213/000414,
679,JR Urbania - Chandapura Anekal,None,PRM/KA/RERA/1251/308/PR/171115/000275,
1127,JVM Accord - Thane West,None,P51700029725,
425,K R Heights - Bhiwandi,None,P5100010068,
310,K Ville - Kiwale,None,P52100026606,
310,K Ville - Kiwale,None,P52100031164,
310,K Ville - Kiwale,None,P522100020646,
353,Kaatyayni Heights - Andheri East,None,P518000020411,
694,Kailash Homes - Kalyan West,None,P51700020561,
660,Kailash Parvat - Ambernath East				,None,P51700023076,
1095,Kairali Park - Kalyan East,None,P51700026352,
58,Kairosa,None,P52100021921,
706,Kakkad Madhukosh - Balewadi,None,P52100019179,
601,Kalash Trove - Aundh,None,P52100031289,
173,Kalpataru Estate - Pimple Gurav - Pune,None,P52100017535,
170,Kalpataru Exquisite - Wakad - Pune,None,P52100000298,
170,Kalpataru Exquisite - Wakad - Pune,None,P52100001266,
157,Kalpataru Serenity - Manjri - Pune,None,P52100001267,
73,Kanakia Paris,None,P51800000122,
57,Kanakia Paris,None,P51800000122,
935,Kanakia Paris - BKC,None,P51800000122,
1185,Kanakia Wall Street - Andheri East ,None,P51800000121,
322,Kaneri Heights - Naigaon East,None,P99000031728,
692,Kesar High Street - Moshi		,None,P52100029284,
411,Kinara - Juhu,None,P51800029182,
351,King's Court at The Residences,None,P51700010368,
474,Kipl Morya -Thane West,None,P51900010004,
895,KLSR Elite Thunga - Yelanhanka,None,PRM/KA/RERA/1251/309/PR/171229/001916,
988,KNS Fresco - Doddaballapur Road,None,PRM/KA/RERA/1250/301/PR/210813/004271,
987,KNS OASIS - Sarjapur Road,None,PRM/KA/RERA/1251/308/PR/171026/000586,
961,Kohinoor Coral - Hinjewadi,None,P52100021279,
482,Kohinoor Eden - Kalyan East,None,P51700030888,
576,Kohinoor Prime - Shahad West,None,P51700032822,
235,Kohinoor Waves,None,P51700009303,
285,Kohinoor World Tower - Pimpri,None,P52100028796,
484,Kolte Patil Raaga Ph2 - Hennue Road ,None,PRM/KA/RERA/1251/446/PR/17014/000856,
347,Konark Meadows - Kalyan West,None,P51700009313,
992,Konnark Oasis - Panvel,None,P52000031755,
722,Konnected - Nahur East,None,P51800004044,
775,KPS Park - Panvel,None,P52000020029,
469,Krishna Palace - Borivali West,None,P51800002538,
809,Krishna Residency - Khopoli,None,P52000000007,
446,Krushna Kunj - Taloja,None,P51700031250,
539,Kumar Palaash - Wadgaonsheri,None,P52100028014,
538,Kumar Palmcrest - Pisoli,None,P52100022295,
535,Kumar Papillon - Pashan,None,P51000009638,
537,Kumar Pebble Park - Hadapsar,None,P52100020421/P52100031349/P52100026151,
536,Kumar Samruddhi - Vishrantwadi,None,P52100030526,
1058,L M Tower - Bhiwandi,None,P51700027947,
36,L&T Rejuve 360,None,P51800023075,
893,L. K. Damayanti - Taloja,None,P52000016058,
812,LA Grandeur - Dombivali East,None,P51700034532,
923,Laaman Industrial Park  - Thane,None,P51700032501,
529,Labdhi Gardens Phase 6-11 - Neral,None,P52000019661,
529,Labdhi Gardens Phase 6-11 - Neral,None,P52000019679,
529,Labdhi Gardens Phase 6-11 - Neral,None,P52000019683,
529,Labdhi Gardens Phase 6-11 - Neral,None,P52000019710,
529,Labdhi Gardens Phase 6-11 - Neral,None,P52000019728,
529,Labdhi Gardens Phase 6-11 - Neral,None,P52000019815,
888,Lake Waters - Varthur,None,PRM/KA/RERA/1250/304/PR/250322/004782,
889,La-Sierra - Lonavala,None,P52100031724,
774,Leela Grandeur - Manjri,None,P52100015728,
288,Lesiure Town - Hadapsar,None,P51800026243,
899,Liberty Square - Electronic City,None,PRM/KA/RERA/1251/308/PR/190330/002519,
18,LIFE 360,None,P52100013219,
1040,LION Society - Kothrud,None,P52100028161,
620,Little Earth - Kiwale,None,P52100014875,
851,Little Malabar Hill - Chembur West,None,P51800003603,
78,Lodha Casa Zest,None,P51700018393,
46,Lodha Sterling Thane,None,P51700015040,
46,Lodha Sterling Thane,None,P51700015243,
46,Lodha Sterling Thane,None,P51700020189,
251,LOTUS Crown - Oshiwara,None,P51800006322,
252,LOTUS LINK SQUARE - Andheri West,None,P51800005163,
304,Maatr Skye - Kalyan West,None,P51700028786,
232,Madhuvan 6 - Hadapsar,None,P52100025448,
1037,Magnolia Valley Wood - Bidadi ,None,PRM/KA/RERA/1250/302/PR/181226/002263,
448,Magnum Iris - Kesnand,None,P52100029676,
126,Magnus - Bandra East,None,P51800004029,
807,Mahaavir Pride - Dombivali East,None,P51700027307,
1049,Mahakali Hills - Andheri East ,None,P51800031191,
506,Mahalaxmi Nagar - Naigaon East,None,P99000030502,
1009,Mahaveer Northscape - International Airport Road,None,PRM/KA/RERA/1251/309/PR/191213/003063,
71,Mahavir Square,None,P51700024701,
31,Mahindra Vicino,None,P51800022067,
31,Mahindra Vicino,None,P51800022126,
819,Maitree Sprint - Panathur Road,None,ACK/KA/RERA/1251/446/PR/310122/005629,
909,Majestic Meadows - Virar,None,P9900001734,
1025,Mali Pinnacle - Kalyan East ,None,P51700026067,
871,Manas Lake - The Grand Towers,None,P52100025845,
631,Mangalmurti Sapphire - Thakurli East,None,P51700026236,
378,Manik Signia - Shivaji Nagar,None,P51800032084,
831,Manisha Corporate Park - Mulund West,None,P51800021382,
573,Manjari Arcade - Govandi West,None,P51800002997,
960,Mannat Towers - Kondhwa,None,P52100020296,
428,Mantri Serenity - Kanakapura Main Road,None,PRM/KA/RERA/1251/308/PR/171P16/000502,
999,Mapsko Mount Ville - Sector 79,None,328 OF 2017,
385,Marathon Nexworld - Byculla West,None,P51700000507,
709,Mariyam Heritage - Vasai East,None,P99000025618,
208,Mass Metropolis - Chembur,None,P51800012210,
217,Mass Mondeal - Bandra West,None,P51800030090,
146,Matru Ashish - Matunga East,None,P51900019426,
643,Mauli Omkar LLB - Malad East		,None,P51800001198,
644,Mauli Pride - Malad East,None,P51800001199,
619,Mauli Pride 2A 2B - Malad East,None,P51800001199,
228,Mayfair AASAAN - Asangaon East			,None,P51700013741,
504,Meda Greens - Mysore Road,None,PRM/KA/RERA/1251/310/PR/171015/000831,
1119,Mesacon Nest - Andheri West,None,P51800034505,
414,Metro Grande - Kalyan East,None,P51900004149,
691,Metro Majestic - Thane West,None,P51700029554,
69,Metropolis Insignia,None,P51800028166,
962,Millennium Atlas - Tathawade,None,P52100035007,
885,Millennium Flora - New Panvel,None,P52000033391,
624,Mims Northbrook - Hennur Road,None,PRM/KA/RERA/1251/446/PR/180516/001722,
623,Mims Residency - Thanisandra Road,None,PRM/KA/RERA/PR/OO1149,
1029,Minerva - Mahalaxmi ,None,P51900008204,
1029,Minerva - Mahalaxmi ,None,P52000000284,
565,Miravet District - Ravet,None,P52100030203,
1027,Mont Claire - Pashan,None,P52100010610,
293,Monte Verita North Annexe - Borivali East,None,P51800028561,
633,Moraj Maa Shrishti - Khopoli,None,P52000000480,
633,Moraj Maa Shrishti - Khopoli,None,P52000005053,
632,Moraj Maa Smriti - Khopoli,None,P52000000480,
632,Moraj Maa Smriti - Khopoli,None,P52000005053,
873,Mount Casa - Thane West,None,P51700034835,
554,Mount Resort - Deonar Farm Road,None,P51800026876,
186,Mrida Homes Hasha Heights - Virar East,None,P99000026476,
845,MSR Seasons - Chinchwad ,None,P52100006114,
87,Mukundam - Bhayander West,None,P51700017888,
731,MVN Aero One - Devanahalli,None,PRM/KA/RERA/1250/303/PR/201222/003761,
730,Nakshatra Phase 2 - Pirangut,None,P52100020026,
148,Naman Premier - Andheri East			,None,P51800008002,
646,Nambiar Bellezea - Bellandur,None,PRM/KA/RERA/1251/308/PR/171014/000552,
646,Nambiar Bellezea - Bellandur,None,PRM/KA/RERA/1251/308/PR/180521/001786,
900,Nandadeep Residency - Neral,None,P51700009698,
599,Nandan Ace - Balewadi,None,P52100033562,
696,Nandi Citadel - Off Bannerghatta Road,None,PRM/KA/RERA/1251/310/PR/171208/000925,
802,Natureville Beyond - Malur Whitefield Road,None,PRM/KA/RERA/1265/347/PR/061221/004574,
1039,Navami Landmaark -Mysore Road,None,PRM/KA/RERA/1251/310/PR/190215/002374,
938,Navanaami Lavender - Thanisandra Main Road,None,PRM/KA/RERA/1251/309/PR/190628/002633,
1077,Navanaami Platina - Thanisandra main road,None,PRM/KA/RERA1251/309/PR/171026/000519,
468,Navkar Homes Township LLP - Naigaon East,None,P99000033433,
744,Neel Sai Ganga - Panvel East,None,P52000000904,
289,Newton Homes - Tathawade,None,P52100031983,
836,Nexus Park - Diva East - Shilphata,None,P51700027450,
340,NG Dimond Hill - Miraroad East,None,P51700030336,
409,NG Eclat -  Andheri West,None,P51800000218,
339,NG Platinum City - Vasai East,None,P99000024280,
1052,Nikoo Homes IV - Thanisandra,None,PRM/KA/RERA/1251/472/PR/210731/004208,
334,Nirvaana Crown - Chembur East,None,P51800031705,
106,Nirvaana Heights - Vikhroli,None,P51800014340,
350,Nirvaana Pearl - Chembur East,None,P51800032083,
981,Nivara Laxminath - Vileparle East,None,P51800023960,
850,NMS 17 West - Navi Mumbai,None,P52000033202,
80,Northern Heights,None,P51700007900,
79,Northern Heights,None,P51700007900,
729,Nyati Exuberance I - Undri,None,P52100027031,
570,Odina - Chembur,None,A51900005808,
672,Olympiodorus - Lonavla,None,P52100018732,
672,Olympiodorus - Lonavla,None,P52100025577,
925,Om Sai Home - Bhiwandi,None,P51700032786,
616,Om Sai Sadan - Borivali West,None,P51800029886,
710,Om Shree Ashtavinayak Complex - Virar East,None,P99000010145,
878,Omega and Royale - Thane,None,P51700003017,
521,OMKAR - Andheri West,None,P51800003558,
769,Omkar Shubhangi - Mulund East,None,P51800004391,
329,One Green Park - Kondhwa,None,P52100000501,
422,Optima Heights - Keshanand,None,P52100022656,
430,Opulent Sheetal Square - Kondhwa,None,P52100007317,
916,Opulent Spire - Bannergetta Road,None,PRM/KA/RERA/1251/310/PR/171015/000561,
618,Orion West - Santacruz West		,None,P51800023726,
168,Ornata - Chembur,None,P51800026905,
460,Ornate Heights Annex - Vasai East,None,P99000028019,
745,Orville Buisness Port - Viman Nagar,None,P52100021192,
1113,Padmavati Hills - Bavdhan,None,P52100033108,
815,Palkhi Sara - Kandivali East,None,P51800030764,
605,Palm Vista - Shilphata,None,P51700025841,
700,Panchratna - Dadar East,None,P51900007684,
848,Paradise - Boisar East,None,P99000024837,
1022,Paraiso - Shilphata ,None,P51700015812,
852,Pardis Prosperity - Govandi East,None,P51800028172,
371,Parijas Zenith - Kalyan East,None,P51700027523,
120,Parijat Hill View Realty LLP - Borivali East,None,P51800021747,
237,Parinee Essence - Kandivali West,None,P51800001334,
549,Parivaramm Phase 1 & 2,None,P52000030422,
549,Parivaramm Phase 1 & 2,None,P52000030442,
834,Pariwar Pragathi - Bannerghatta,None,PR/KN/170831/001686,
453,Park Abode - Dadar West,None,P51900029734,
903,Park Avenuue - Sarjapur Road,None,PRM/KA/RERA/1251/308/PR/180905/001986,
13,Park Connect,None,P52100020766,
533,Park Infinia - Phursungi,None,P52100014939,
360,Park Mist - Dadar West,None,P51900012129,
500,Park Vista - Lohegaon,None,P52100031979,
1060,Park West 2.0 - Binnypet,None,PRM/KA/RERA/1251/310/PR/210216/003899,
326,Parklane Lifeseasons - Dhanori,None,P52100025586,
316,Parkside - Andheri East,None,P51800004649,
155,Parkwoods - Thane West,None,P51700007024,
418,Parmar Platinum - Santacruz East			,None,P51800032249,
939,Parsh Elegance - Andheri West,None,P51800013380,
589,Parsn Pancharatna - Kurla East,None,P51800015096,
135,Parth Lakefront - Airoli			,None,P51700018725,
1090,Passcode Highway Next - Vikhroli East,None,P51800024409,
1124,Passcode Real Homes - Hadapsar ,None,P52100020764,
1202,Passcode Realhomes - Hadapsar,None,P52100020764,
494,Peak 25 - Vikhroli East,None,P51800032526,
950,Peninsula Park Elite - Sarjapur - Doddatimmasandra,None,PRM/KA/RERA/1251/308/PR/200103/003127,
553,Pinnacle - Chembur East,None,P51800026876,
464,Piramal Revanta - Mulund,None,P51800031310,
465,Piramal Vaikunth - Thane West,None,P51700003793,
993,Platinum 9 - Baner,None,P52100020126,
225,Platinum Casa Millennia - Andheri West,None,P51800028304,
742,Plutonium Business Park - Turbhe,None,P51700025606,
682,Poonam Imperia - Vasai East,None,P990000179908,
452,Poonam Vista  - Virar West,None,P51900026880,
357,Pragati Serene - Mohammadwadi,None,P52100027788,
165,Prajapati Magnum - Dronagiri ,None,P52000001121,
165,Prajapati Magnum - Dronagiri ,None,P52000001425,
843,Prasanna Aura - Chembur East,None,P51800034872,
782,Prathmesh Darshan - Ghatkopar East,None,P51800009248,
1088,Pratik Greens - Shilphata ,None,P51700020108,
497,Pratima Gold - Taloza,None,P52000028035,
507,Precious Meadows - Ulhasnagar,None,P51700033139,
265,Presidia - NIBM,None,P52100003128,
1393,Press Enclave - Borivali East ,None,P51800034383,
766,Prestige Botanique - RV Road,None,PRM/KA/RERA/1251/310/PR/180627/001936,
765,Prestige Deja vu - Promenade Road			,None,PRM/KA/RERA/1251/309/PR/170913/000129,
795,Prestige Eden Park - Sarjapur Road,None,PRM/KA/RERA/1251/308/PR/211008/004353,
800,Prestige Fairfield - Sanjay Nagar,None,PRM/KA/RERA/1251/309PR/200211/00327,
767,Prestige Finsbury Park - Hyde - Bagalur,None,PRM/KA/RERA/1251/472/PR/191206/003055,
794,Prestige Finsbury Park - Regent - Bagalur,None,PRM/KA/RERA/1251/472/PR/191206/003056,
764,Prestige Jindal City - Tumkur Road  	,None,"PRM/KA/RERA/1251/309/PR/180406/001495
PRM/KA/RERA/1250/307/PR/180621/001906",
788,Prestige Kenilworth - Cunningham Crescent Road	,None,PRM/KA/RERA/1251/309/PR/170915/000208,
799,Prestige Leela Residences - Old Airport Road,None,PRM/KA/RERA/1251/446/PR/170824/000077,
797,Prestige Marigold - Off Doddaballapur			,None,PRM/KA/RERA/1250/303/PR/240122/004653,
789,Prestige Meridian Park - Sarjapur Road,None,PRM/KA/RERA/1251/308/PR/090222/004684,
862,Prestige North Point - Kamanahalli,None,PRM/KA/RERA/1251/446/PR/190506/002549,
790,Prestige Primerose Hills - Off Kanakapura Road,None,"PRM/KA/RERA/1251/310/PR/200618/0034531
PRM/KA/RERA/1251/310/PR/200618/003455",
798,Prestige Royale Gardens - Yelahanka,None,"PRM/KA/RERA/1251/309/PR/170916/000445
PRM/KA/RERA/1251/309/PR/170916/000446
PRM/KA/RERA/1251/309/PR/170916/000459",
796,Prestige Spencer Heights - Frazer Town				,None,PRM/KA/RERA/1251/446/PR/170915/000082,
861,Prestige Willow Tree - Vidyaranyapura,None,PRM/KA/RERA/1251/309/PR/181204/002195,
793,Prestige Woodland Park - Cooke Town				,None,PRM/KA/RERA/1251/309/PR/190614/002621,
400,Prime Vista - Ghatkopar East,None,P51800020122,
668,Primus OHANA - Parappana Agrahara,None,PRM/KA/RERA/1251/446/PR/200103/003096,
303,Princecare Zinnia  - Mahim West,None,P51900002959,
1187,Privilege Green Groves - Hoskote,None,PRM/KA/RERA/1265/347/PR/200121/003209,
569,Provident Capella - Whitefield,None,"PRM/KA/RERA/1250/305/PR190606/002596
PRM/KA/RERA/1250/304/PR/190606/002596",
647,PSR Nandanam - Devanahalli				,None,PRM/KA/RERA/1250/303/PR/210312/004003,
508,Puram-Prayeja City - Vadgaon Budruk,None,P52100010668,
336,Puraniks City Reserva - Thane West,None,P51700000912,
38,PURANIKS OXYGREEN,None,P52100020202,
38,PURANIKS OXYGREEN,None,P52100020232,
171,Puraniks Sayama - Lonavala		,None,"Phase 2 - P52100004782, Phase 3 - P52100002137, Phase 4 - P52100005004",
299,Puraniks Zeneeth - Mulund West,None,P51700001150,
299,Puraniks Zeneeth - Mulund West,None,P51700001221,
299,Puraniks Zeneeth - Mulund West,None,P51700002741,
299,Puraniks Zeneeth - Mulund West,None,P51700025980,
1130,Purple Habiqo - Sahakarnagar,None,PRM/KA/RERA/1251/472/PR/200211/003267,
1020,Pyramid Parkland - Bhukum,None,P52100025994,
773,Radheshyam Royale - Shilphata,None,P51700006917,
145,Radiance - Goregaon West,None,P51800000810,
965,Radiance Blossom - Whitefield,None,PRM/KA/RERA/1250/304/PR/160522/004883,
608,Raghav Amara - Kurla East,None,P51800030338,
609,Raghav Nova - Kurla East,None,P51800030949,
1179,"Raheja;s Vanya - Sector-99A, Gurugram, Haryana",None,HRERA(Reg.)36 l2ol7 /ll3,
1177,Raheja's Revanta - Sector 78,None,32 OF 2017 DATED 04.08.2017,
1178,"Raheja's Trinity- Sector-84, Gurugram",None,24 OF 2017 DATED 25.07.2017,
739,Rahul Arcus - Baner,None,P52100017839/P52100020396/P52100030765,
393,Rajputana Paradise - Kandivali West,None,P51800003738,
977,Rajshree 11 East - Ghatkopar East,None,P51800030117,
584,Rama Barcode - Pimpri,None,P52100026713,
584,Rama Barcode - Pimpri,None,P52100026749,
654,Ramdev Ritu Heights - Mira Road East,None,P51700019982,
1050,Ranka Palm Lakeside - Varthur Hobli,None,PRM/KA/RERA/1251/446/PR/211008/004351,
780,Ratan Address - Prabhadevi,None,P51900032985,
305,Raunak 108 - Thane West,None,P51700028435,
355,Raunak City Phase 4 - Kalyan,None,P51700003377,
355,Raunak City Phase 4 - Kalyan,None,P51700009331,
355,Raunak City Phase 4 - Kalyan,None,P51700017488,
355,Raunak City Phase 4 - Kalyan,None,P51700019790,
355,Raunak City Phase 4 - Kalyan,None,P51700019962,
355,Raunak City Phase 4 - Kalyan,None,P51700020182,
355,Raunak City Phase 4 - Kalyan,None,P51700020240,
355,Raunak City Phase 4 - Kalyan,None,P51700020241,
355,Raunak City Phase 4 - Kalyan,None,P51700020261,
645,Raunak Golden ticket - Kalyan,None,P51700033757,
645,Raunak Golden ticket - Kalyan,None,P51700033762,
645,Raunak Golden ticket - Kalyan,None,P51700033972,
313,Raunak Supreme - Thane West,None,P51700020921,
1122,"Ravi Uday - Moshi, PCMC",None,P52100032853,
434,Ravinanda Aamrai - Dhayari,None,P52100016536,
434,Ravinanda Aamrai - Dhayari,None,P52100028220,
220,Ray By Roswalt Realty - Dahisar East,None,P51800031492,
203,Rayan Park Nursing Home - Govandi West				,None,P51800004135,
327,Rayan Park Residential - Govandi West,None,P51800004135,
202,Redwood - Kasarvadavali - Thane W,None,P51700022964,
673,Regal Square - Thane Bhiwandi Kalyan Road,None,P51700033625,
397,Regency Anantam - Dombivali East,None,P51700017874,
397,Regency Anantam - Dombivali East,None,P51700020186,
397,Regency Anantam - Dombivali East,None,P51700020194,
396,Regency Avana - Kalyan West,None,P51700029930,
683,Regency Plaza - Neral East,None,P52000023919,
398,Regency Sarvam - Titwala East,None,P51700029930,
34,Regent Hill Powai,None,P51800018620,
540,Renaissance Reserva - Jalahalli,None,PR/190614/002602,
714,Renaissance Royal - Neral,None,P52000019557,
982,Rivali Park - Borivali East,None,P51800003067,
870,Rivalipark : The Arcade - Borivali East,None,P51800018662,
942,RJ Lake Gardenia - Old Madras Road,None,PRM/KA/RERA/1251/446/PR/171014/000798,
1003,Rockmount Residency - Kalyan West,None,P51700030383,
366,Roha Vatika - Kurla East			,None,P5180029480,
11,Rohan Ananta,None,P52100019678,
7,Rohan Ananta,None,P52100019678,
4,Rohan Ananta,None,P52100019678,
11,Rohan Ananta,None,P52100019997,
11,Rohan Ananta,None,P52100019997,
11,Rohan Ananta,None,P52100019997,
471,Rohan Upavan - Off Hennur Road,None,PRM/KA/RERA/1251/309/PR/180507/001646,
1118,"Rosalia Apartments - Amboli, Andheri West ",None,P51800005568,
886,Roshan Milestone - Tathawade,None,P52100033143,
886,Roshan Milestone - Tathawade,None,P52100033170,
886,Roshan Milestone - Tathawade,None,P52100033798,
886,Roshan Milestone - Tathawade,None,P52100034573,
833,Royal Altezza - Ghatkopar East,None,P51800030908,
463,Royal Pristo - Malad East,None,P51800019529,
502,Royale Herritage - Off Juhu Circle,None,P51800026314,
324,Runal  Spacio - Ravet,None,P52100019467,
323,Runal Gateway - Ravet,None,P52100024155,
210,Runwal Eirene - Thane West,None,P51700004574,
105,Runwal Elina - Andheri East,None,P51800017502,
1054,Runwal Gardens - Dombivali East ,None,P51700022699,
1054,Runwal Gardens - Dombivali East ,None,P51700022699,
1054,Runwal Gardens - Dombivali East ,None,P51700024154,
1054,Runwal Gardens - Dombivali East ,None,P51700025677,
1054,Runwal Gardens - Dombivali East ,None,P51700026228,
1054,Runwal Gardens - Dombivali East ,None,P51700026927,
1054,Runwal Gardens - Dombivali East ,None,P51700028344,
1054,Runwal Gardens - Dombivali East ,None,P51700029155,
1054,Runwal Gardens - Dombivali East ,None,P51700030533,
1054,Runwal Gardens - Dombivali East ,None,P51700031319,
1054,Runwal Gardens - Dombivali East ,None,P51700031609,
1054,Runwal Gardens - Dombivali East ,None,P51700033206,
308,Runwal Nirvana - Parel East,None,P51900010100,
209,Runwal Sanctuary - Mulund West,None,P51800032538,
191,Rupael Orion - Chembur,None,P51900014944,
192,Ruparel Zion Commercial - Sion East,None,P51900014944,
213,Ruparel Zion Residential - Sion East,None,P51900014944,
1000,Rupashree - Sahakarnagar,None,P52100030617,
503,S.M Hitech Tulip - Taloja,None,P52000033133,
562,Sai Akshi - Bhandup West,None,P51800030330,
335,Sai Aradhya - Dadar West,None,P51900023477,
442,Sai Baba Residency - Naigaon West,None,P99000011750,
121,Sai Dwarka - Kiwale		,None,P52100028386,
772,Sai Elegance - Ravet,None,P52100021384,
837,Sai Laxmi Residency - Vikhroli East,None,P51800034454,
846,Sai Luxuria - Wakad,None,P52100030603,
307,Sai Proviso Icon - Navi Mumbai,None,P52000023351,
306,Sai Proviso Sapphire - Navi Mumbai	,None,P52000021378,
975,Sai Samast - Deonar - Chembur,None,P51800017405,
853,Sai Shraddha - Chembur East ,None,P51800029827,
1059,Sai Signature - Mamurdi ,None,P52100030759,
437,Sai Srushti - Kalyan West,None,P51700017700,
741,Sai Vivek - Ravet,None,P52100027160,
955,Saideep Hulas - K.R.Puram,None,PRM/KA/RERA/1250/304/PR/171027/000774,
1103,Saket World - Kalyan ,None,P51700024797,
1103,Saket World - Kalyan ,None,P51700030224,
1103,Saket World - Kalyan ,None,P51700032180,
1089,Salsette 27 - Byculla East,None,P51900000642,
791,Samaira Residency - Vasai East,None,P99000032801,
467,Samarth Aura - Bhandup West,None,P51800033159,
770,Samarth County - Ravet,None,P52100029698,
290,Samarth REVA - Malad West,None,P51800031028,
1123,Sameera Wood Haven - Thiruporur,None,TN01/LAYOUT/506/2021,
876,Samrin Heritage - Thane West,None,P51700016394,
490,Samrin White Rose - Thane,None,P51700019187,
552,Sangam - Chembur East,None,P51800032458,
614,Sanjeevini Srushti - Whitefield,None,PRM/KA/RERA/1250/304/PR/150222/004712,
491,Sanskruti's Meander - Wagholi,None,P52100027109,
520,Saraswati Sadan - Vile Parle East,None,P51800026655,
479,Saroj Chandra Krupa - Bhyander West,None,P51700032616,
587,Sarvam - Taloja Phase II,None,P52000023662,
291,SARVESH ONE	 - Lower  Parel West,None,P51800022923,
740,Sarvoday Symphony - Thakurli East,None,P51700030468,
1094,Satra Harmony - Chembur East ,None,P51800000726,
658,Satra One - Goregaon West,None,P51800032891,
625,Satyam Niranjani - Hadapsar,None,P52100017871,
970,Satyam Pride - New Panvel East,None,P52000020012,
153,Satyam Shivam - II - Kharadi Magarpatta,None,P52100020589,
141,Satyam Shrey- B - Bavdhan,None,P52100017393,
295,Sayba Emerald - Bandra West,None,P51800032059,
505,SBB Sapphire - Whitefield,None,PRM/KA/RERA/1251/446/PR/190222/002442,
990,"Seascapes - Panoramic Vistas - Harne, Dapoli",None,P52800005996,
844,Seasons Harmony - Kalyan West,None,P51700034223,
1096,"Seasons Sahara - Kalyan East, Pisavali",None,P51700020644,
1096,"Seasons Sahara - Kalyan East, Pisavali",None,P51700025218,
1038,Seema Rajdhani - Ghatkopar East,None,P51800028913,
226,Sensorium - Hinjawadi,None,P52100024963,
226,Sensorium - Hinjawadi,None,P52100024965,
579,Sentosa Ekam - Punawale,None,P52100031773,
1021,Sethia Darshan - Malad East ,None,P51800011224,
399,Seven Eleven Courtyard - Mira Road East,None,P51700032221,
511,Shades - Mundhwa,None,P52100017873,
715,Shaligram Pavillia - Gahunje,None,P52100034451,
572,Shaligram Sky - Kiwale,None,P52100033364,
523,Shanta Durga - Dadar East,None,P51900015604,
1167,Shanthiniketan - Nagawara Main Rd,None,PRM/KA/RERA/1251/309/200622/005009,
985,Sharon Rose - Malad West,None,P51800033903,
377,Shaurya Residence - Lohegaon,None,P52100005749,
842,Shephered Royal - Goregaon West,None,P518000004539,
634,Shikara Heights Phase 1 - Sion,None,P51800033893,
1030,SHIV PARBAT - Dahisar East,None,P51800045822,
690,Shiv Sai Krupa - Ambernath East,None,P51700029095,
924,Shivaalik park - New Bhiwandi,None,P51700023966,
705,Shivom Enclave  - Santacruz East,None,P51800002943,
1074,Shraddha Peninsula - Thane West ,None,P51700045788,
984,Shree Ganesh Tower - Pradhikaran,None,P52100032436,
597,Shree Mahalaxmi Krupa - Khopoli,None,P52000024253,
661,Shree Sai Arnav - Ambernath East,None,P51700028102,
175,Shreedham Splendour - Andheri West,None,P51800006344,
1111,Shreeji Iconic - Badlapur East,None,P51700013918,
1111,Shreeji Iconic - Badlapur East,None,P51700029218,
1093,Shri Ganesh Krupa - Kurla East,None,P51800031567,
343,Shri Sadashiv - Santacruz East,None,P51800019208,
855,Shriram Chirping Grove - Sarjapur,None,"PRM/KA/RERA/1251/308/PR/200226/003310
PRM/KA/RERA/1251/308/PR/210902/004291",
856,Shriram Rainforest - Bendiganahalli,None,PRM/KA/RERA/1250/303/PR/180728/001952,
857,Shriram Southern Crest - J P Nagar,None,"PRM/KA/RERA/1251/310/PR/171014/000364
PRM/KA/RERA/1251/310/PR/200310/003331",
858,Shriram WYTfield-2 - Whitefield Extn.,None,PRM/KA/RERA/1251/446/PR/211206/004573,
267,Shristi Residency (Phase 1) Jogeshwari East,None,P51800031167,
860,Shrushti - Kothrud,None,P52100017827,
1087,Shubhachandra - Rahatani,None,P52100019627,
358,Sigma Aventino - Wanowrie Annex,None,P52100025246,
478,Sigma ONYX - Santacruz East,None,P51800029733,
127,Signia High - Borivali East,None,P51800007984,
128,Signia Waterfront				,None,P51700011528,
701,Sikandar Apartments - Kondhwa Khurd,None,P5100029398,
879,Silicon Valley - Powai,None,P51800034748,
280,Simplicity	 - Handewadi Road Hadapsar,None,P52100028340,
763,Sipani Viveza - Electronic City,None,PRM/KA/RERA/1251/308/PR/190809/002757,
438,Siyara Elite - Kalyan Bhiwandi Road		,None,P51700031104,
640,Siyona Pethkar - Punawale 				,None,P52100020135,
998,SJR Blue Waters - Srjapur Road`,None,PRM/KA/RERA/1251/446/PR/200121/003206,
1055,SJR Palazza City - Sarjapur,None,PRM/KA/RERA/1251/446/PR/171208/001195,
1080,SK NISARGA - SARJAPUR HOBLI,None,PRM/KA/RERA/1251/308/PR/191213/003064,
571,Sky Annex - Chembur East,None,P51800015214,
921,Sky City - Virar West,None,P99000045278,
455,Sky High - Hinjewadi,None,P52100015918,
392,SKYE31 - Wadala,None,P51900002859,
945,Skyways 106 - Lohegaon,None,P52100034806,
1097,SLV ICON - Yelahanka,None,PRM/KA/RERA/1251/472/PR/210813/004267,
718,Sneh Serene - Dombivali West,None,P51700030955,
907,SNN Clermont - Hebbal,None,PRM/KA/RERA/1251/309/PR/170918/000666,
534,SOBA OPTIMA2.0 - Sinhagad Road,None,P52100018793,
612,Sobha Townpark - Hosur Road,None,PRM/KA/RERA/1251/308/PR/210122/004649,
612,Sobha Townpark - Hosur Road,None,PRM/KA/RERA/1251/308/PR/210518/004150,
908,Solaris - Bannerghatta Rd,None,PRM/KA/RERA/1251/310/PR/171015/000883,
621,Solitaire Aawas - Chembur West,None,P51800027732,
622,Solitaire Edge - Kandivali East,None,P51800030831,
516,Sommet - Bhugaon,None,P52100032626,
1137,Sonigara Presidency - Ravet,None,P52100030017,
405,Sosar Solitaire - Khar West,None,P51800025925,
546,Sowparnika Columns - Whitefield,None,PRM/KA/RERA/1250/304/PR/171024/000764,
545,Sowparnika Pranathi - Kumbalgodu,None,PRM/KA/RERA/1251/310/PR/180503/001564,
525,Sowparnika Unnathi -  Anekal Taluk,None,PRM/KA/RERA/1251/308/PR/180509/001677,
588,Space Greens - Panvel,None,P52000032326,
373,Sparsh - Malad West,None,P51800031623,
1100,Spectra Raywoods - Millers Road ,None,PRM/KA/RERA/1251/309/PR/190809/002787,
1209,Spirit Of One - Whitefield,None,PRM/KA/RERA/1251/309/PR/210222/004723,
1071,Splendid Lake Breez - Begur Hobli,None,PRM/KA/RERA/1251/310/PR/170322/004767,
649,Splendid Sree Durga - Bidrahalli Hobli,None,PRM/KA/RERA/1251/446/PR/190625/002624,
457,SPM Dream City - Ambernath East,None,P51700032070,
949,Sree Adithya Lotus -  Krishnarajapura ,None,PRM/KA/RERA/1251/446/PR/210130/003807,
1134,"Sri Balaji Enclave - Ram Nagar, Malad West",None,P51800006089,
1131,Sri Radha Krishna Gardens - Devanahalli,None,PRM/KA/RERA/1250/303/PR/100222/004693,
771,Srinivasa - Pirangut,None,P52100015587,
823,Sriven Daksha Elite - Bommasandra,None,PRM/KA/RERA/1251/308/PR/200323/003386,
872,Star City - Dhayari,None,P52100026727/P52100029474,
997,Star Living - Thane West,None,P51700003414,
859,Star Right - Vikhroli East,None,P51800032371,
964,Success Windsor Tower -  Pradhikaran,None,P52100029582,
611,Sudhanshu Aniraj Tower - Bhandup West,None,P51800024276,
130,Sugee Akanksha - Dadar		,None,P51900027981,
222,Sugee Mahalaxmi - Dadar East,None,P51900013023,
218,Sugee Marina Bay - Worli Sea Face,None,P51900011592,
711,Sukh Shanti Niwas - Karjat East,None,P52000021232,
475,Sumit Arcenciel - Mulund West,None,P51800021946,
719,Sumit Atulyam - Matunga West,None,P51900030966,
1078,Sumukh Hills - Kandivali East ,None,P51800005591,
786,Sunshine Infinity - Wadala West,None,P51900003947,
123,Sunteck World - Naigaon,None,P99000024072,
123,Sunteck World - Naigaon,None,P9900024080,
156,"Sunteck World - Vasind, Dist. Thane",None,P51700030578,
156,"Sunteck World - Vasind, Dist. Thane",None,P51700030580,
156,"Sunteck World - Vasind, Dist. Thane",None,P51700030607,
129,Sunteckcity 1st and 2nd Avenue - Goregaon - W			,None,P51800001281,
122,Sunteckcity 4th Avenue -Goregaon West			,None,P51800023072,
519,Suraj Eterna - Mahim West,None,P51900032173,
591,Surana Heights - Dronagiri,None,P52000023355,
1081,Suratwala Mark Plazzo - Hinjewadi,None,P52100017784,
590,Suviam Pearl - Kalyan West,None,P51700030925,
458,Suvidha Pearl - Vileparle East,None,P51800008350,
869,Swaminarayan City - Dombivali West,None,P51700018305,
868,Swaminarayan City - Dombivali West,None,P51700018305,
869,Swaminarayan City - Dombivali West,None,P51700019326,
869,Swaminarayan City - Dombivali West,None,P51700031749,
868,Swaminarayan City - Dombivali West,None,P51700031749,
868,Swaminarayan City - Dombivali West,None,P51700019326,
971,Swapnalok - Bhiwandi,None,P51700032473,
830,Swapnalok - Hadapsar,None,P52100034008,
956,Swarn Jeevan - Taloja,None,"P52000016381, P52000017887                                ",
813,Swarna Griha - Kolar,None,PRM/KA/RERA/1265/339/PR/200121/003219,
777,Swaroop Aditya Avenue - Andheri East,None,P51800017168,
365,Swaroop Residency - Ghatkopar East,None,P51800017168,
940,Swashraya - Andheri West,None,P51800030781,
451,Swastik Towers - Panvel West,None,P52000011118,
578,TCG Cliff Garden - Hinjawadi Phase 3				,None,P52100028926,
320,Teenmurty Summit - Borivali East,None,P51800006085,
60,TenX Habitat - Thane West,None,P51700019265,
60,TenX Habitat - Thane West,None,P51700020256,
60,TenX Habitat - Thane West,None,P51700020881,
60,TenX Habitat - Thane West,None,P51700022779,
60,TenX Habitat - Thane West,None,P51700022940,
60,TenX Habitat - Thane West,None,P51700025355,
60,TenX Habitat - Thane West,None,P51700027036,
913,Tharwani Solitaire - Kalyan,None,P51700030172,
707,The Address - Aundh Baner Link Road,None,P52100029791,
783,The Centrum - Tathawade,None,P52100027662,
498,The curve - Santacruz West,None,P51800030635,
1057,The EVOQ - Wakad ,None,P52100027486,
825,The Formist TreeHouse - Manyata Tech Park,None,PRM/KA/RERA/1251/472/PR/200121/003213,
454,The Greater Good - Mohammadwadi,None,P52100015734,
513,The Heavens Palace - Mumbra,None,P51700020942,
1115,The Heritage  - Kondhwa,None,P52100024130,
70,The ICON,None,P51700018370,
816,The Infiniti - Uttarahalli,None,PRM/KA/RERA/1251/310/PR,
551,The Kollage - Andheri East,None,P51800012084,
785,The Miracle - Pimple Saudagar,None,P52100030372,
528,The Mist - Karjat,None,P52000024728,
528,The Mist - Karjat,None,P52000007101,
530,The Morning - Neral,None,P52000004033,
368,The Palazzo - Santacruz East,None,P51800015924,
919,The Residency - Andheri West,None,P51800004331,
496,The Space - Kharadi,None,P52100019458,
784,The Spectrum - Tathawade,None,P52100022934,
561,The Universe - Mumbra,None,P51700009797,
277,The View - Powai Extension,None,P51800020140,
315,The Views - Ghatkopar East,None,P51900031165,
974,The White Villas - Shahapur,None,P51700000038,
376,Theia Business Park	 - Punawale,None,P52100024257,
117,Tower 28 - Malad East	,None,P51800009511,
117,Tower 28 - Malad East	,None,P51800028777,
444,Trafalgar Tower - Ghatkopar East,None,P51800006369,
1098,Tranquil - Yelahanka,None,PRM/KA/RERA/1251/309/PR/201001/003621,
762,Triaa Vasantam City Centre - Dhanori,None,P52100032750,
904,Tulip Heights - Kalyan East,None,P51700022565,
547,Tulsi Aangan NX - Karjat,None,P52000018426,
512,Tulsi Elanza - Chembur,None,P51800006377,
659,Tulsi Galaxy - Badlapur East,None,P51700033355,
829,Turning Point - Andheri East,None,P51800034497,
387,Tycoons Elevance - Kalyan West,None,P51700020227,
136,Unicorn - Andheri,None,P51800028365,
548,Unimont Aurum - Karjat,None,P52000021298,
865,Unimont Imperia - Khopoli,None,P52000022177,
459,Unique Elita - Santacruz East,None,P51800006885,
628,Unique Ivana - Miraroad East,None,P51700024016,
652,Unique Vistas - Thane West,None,P51700004399,
652,Unique Vistas - Thane West,None,P51700004406,
652,Unique Vistas - Thane West,None,P51700005345,
429,Upper East 97 - Malad East,None,P51800006231,
827,Urban Icon - Kurla West,None,P51800032228,
948,Urban village - Chikkajala,None,PRM/KA/RERA/1251/309/PR/190307/002481,
1125,Ushakiran Enclave - Dombivli,None,P51700028914,
1042,Utopia Gold - Moshi,None,P52100033254,
629,Vaibhav Upavan Phase 1 - Sanjaynagar,None,PRM/KA/RERA/1254/465/PR/200811/003509,
221,Vaishno Heights - Malad East,None,P51800024202,
526,Vajram Newtown - Thanisandra Main Road,None,PRM/KA/RERA/1251/309/PR/190913/002885,
666,Valmark Orchards - Devanahalli,None,KA/RERA/1250/303/PR/190706/002652,
332,Vantage 21 - Pimple Soudagar,None,P52100022932,
1101,"Vardhaman Tower - Kalyan - Shilphata road, Thane West",None,P51700034887,
1101,"Vardhaman Tower - Kalyan - Shilphata road, Thane West",None,P52000033302,
753,Vardhan Heights - Chembur West,None,P51800014198,
382,Vardhman Flora - Byculla East,None,P51900008829,
381,Vardhman Grandeur - Andheri West,None,P51800005952,
380,Vardhman Habitat - Byculla East,None,P51900026521,
983,Vasant Oasis - Andheri East,None,P51800000691,
983,Vasant Oasis - Andheri East,None,P51800000850,
983,Vasant Oasis - Andheri East,None,P51800000921,
983,Vasant Oasis - Andheri East,None,P51800000980,
602,Vasudev paradise - Mira Rod East,None,P51700021181,
708,V-AXIS - Wagholi,None,P52100030180,
394,VBHC Palmhaven 2 Block A - Kengiri Hobli,None,PRM/KA/RERA/1251/310/PR/190614/002617,
1018,Veer One - Vasai East ,None,P99000031900,
954,Veer Sidhanak - Kurla East,None,P51800015156,
657,Venus Skky city - Dombivali East,None,P51700031286,
489,Versatile Valley - Dombivali East,None,P51700003860,
1194,Vertical Alcinia - NIBM Annexe,None,P52100011957,
515,Viceroy - Chembur East,None,P51800014358,
227,Viceroy SAVANA - Kandivali East,None,P51800023099,
227,Viceroy SAVANA - Kandivali East,None,P51800023159,
227,Viceroy SAVANA - Kandivali East,None,P51800023183,
550,Vihar Heights - Vidyavihar East,None,P51800026062,
318,Viraj Tower - Selten ISLE - Thane West,None,P51700005880,
325,Vishal Belleza - Hadapsar,None,P52100022719,
664,Vishwajeet Paradise - Ambernath West,None,P51700032998,
1017,Vishwajeet Pink City - Ambernath East,None,P51700027704,
1016,Vishwajeet Pink City - Ambernath East,None,P51700027704,
663,Vishwajeet Precious - Kalyan West,None,P51700020587,
663,Vishwajeet Precious - Kalyan West,None,P51700030793,
663,Vishwajeet Precious - Kalyan West,None,P51700031318,
386,Vision Eternity - Marunji,None,P52100030886,
344,Vivan Homes - Andheri West	,None,P51800024497,
260,VRUNDAVAN - I Kalyan West,None,P51700014675,
675,VSL Srinidhi Greenage - Sarjapur Road			,None,PRM/KA/RERA/1251/308/PR/200117/003196,
805,VTP Pegasus - Manjri,None,P52100009524/P52100007722/P52100007401,
138,VTP Solitaire - Baner Pashan Link Road,None,P52100022428,
421,V-Uptown - Kiwale,None,P521000005194,
375,W BIZ - Bhumkar Chowk,None,P52100024521,
890,Wadhwa Wise City - Panvel,None,P52000020812,
968,Walchand Paradise - Mira Road East,None,P51700033946,
559,Webcity - Hennur Main Road,None,"2A-KAPR/KN/170731/000608
2B-KAPR/KN/170731/000620
3A-KAPR/KN/170731/000560
3B-KAPR/KN/170731/000551
3C-KAPR/KN/170731/000550",
880,West Wood - Kandivali West,None,P51800034338,
311,Westbay - Bandra West,None,P51800001494,
1047,Whispering Winds - Bengaluru ,None,PRM/KA/RERA/1251/310/PR/171222/001523,
1026,Winspace Amelio - Andheri West ,None,P51800010932,
828,Wonder Park - Vasai East,None,P99000029971,
483,Wonderwall - Sarjapura Main Road,None,PRM/KA/RERA/1251/308/PR/201106/003692,
483,Wonderwall - Sarjapura Main Road,None,PRM/KA/RERA/1251/308/PR/201106/003692,
667,Woodstock Apartments - Electronic City,None,PRM/KA/RERA/PR001283,
912,Yogi Belleza - Bhiwandi,None,P51700034700,
524,Yojan One - Kurla West ,None,P51800028864,
693,You 57 - Hinjewadi,None,P52100021770,
24,You57,None,P52100021770,
27,You57 - Hinjewadi Phase - 3,None,P52100021770,
28,You57 - Hinjewadi Phase 3,None,P52100021770,
26,You57-test,None,P52100021770,
803,Zee Sahyadri - Andheri West,None,P51800006241,
317,Zee Shaan - Vile Parle East,None,P51800003892,
759,Zen County - Pali Khopoli Road,None,P52000004949,
1075,Zen Indraprastha - Yeshwantpur,None,PRM/KA/RERA/1251/310/PR/171027/000864,
688,Zenica at Ajmera Exotica - Wagholi,None,P52100023633,